# t,q1,q2,q3,q4,q5,q6,q7,palm0,palm1,palm2,palm3,palm4,palm5,a0,a1,a2,a3,a4,a5,a6
1.788365031803889513e+09,-1.368045620620250702e-02,-3.248005807399749756e-01,-6.653416785411536694e-04,5.678888559341430664e-01,-4.651505947113037109e-01,8.822113275527954102e-03,-8.320211172103881836e-01,2.200000000000000011e-01,1.054423433542251987e-01,5.389512383937835605e-01,5.194984949006314912e-01,-2.530727415391777591e+00,3.069596540764533810e+00,-1.000000000000000000e+00,-9.670161008834838867e-01,7.225056290626525879e-01,1.932821869850158691e-01,-1.000000000000000000e+00,-2.386864274740219116e-02,1.000000000000000000e+00
1.788365031811326504e+09,-1.388875208795070648e-02,-3.227431774139404297e-01,4.270862264093011618e-04,5.720555186271667480e-01,-4.640520215034484863e-01,8.818869479000568390e-03,-8.368013501167297363e-01,2.200000000000000011e-01,1.082563876111111295e-01,5.191501991553928441e-01,4.835993934992182108e-01,-2.530727415391777591e+00,3.034793458737635063e+00,-1.000000000000000000e+00,-8.669750690460205078e-01,1.945511400699615479e-01,1.192577481269836426e-01,-1.000000000000000000e+00,-9.563307464122772217e-02,9.816714525222778320e-01
1.788365031912682295e+09,-1.415526960045099258e-02,-3.192427456378936768e-01,2.444807440042495728e-03,5.789998769760131836e-01,-4.620889425277709961e-01,8.779051713645458221e-03,-8.447597622871398926e-01,2.200000000000000011e-01,1.117610325217125306e-01,4.994596566526938730e-01,4.573461043126610948e-01,-2.530727415391777591e+00,3.009776010385996514e+00,-1.000000000000000000e+00,-8.426820039749145508e-01,1.804464161396026611e-01,1.339310258626937866e-01,-1.000000000000000000e+00,-8.099304139614105225e-02,9.337325096130371094e-01
1.788365032013686180e+09,-1.442518737167119980e-02,-3.141489624977111816e-01,5.558980628848075867e-03,5.887220501899719238e-01,-4.591432809829711914e-01,8.686310611665248871e-03,-8.559533953666687012e-01,2.200000000000000011e-01,1.152535489578318945e-01,4.797669593020657541e-01,4.563964325112092046e-01,-2.530727415391777591e+00,3.011836025306267484e+00,-1.000000000000000000e+00,-8.458337783813476562e-01,1.924761235713958740e-01,1.330241560935974121e-01,-1.000000000000000000e+00,-7.902587205171585083e-02,9.290854930877685547e-01
1.788365032112399817e+09,-1.467567961663007736e-02,-3.072464764118194580e-01,9.986999444663524628e-03,6.012047529220581055e-01,-4.550702273845672607e-01,8.540663868188858032e-03,-8.704275488853454590e-01,2.200000000000000011e-01,1.187277031611402162e-01,4.600710142226430710e-01,4.569041860192760707e-01,-2.530727415391777591e+00,3.011183883734334099e+00,-1.000000000000000000e+00,-8.463987708091735840e-01,1.934556365013122559e-01,1.335090249776840210e-01,-1.000000000000000000e+00,-7.964862138032913208e-02,9.328714609146118164e-01
1.788365032214222431e+09,-1.491755060851573944e-02,-2.984728515148162842e-01,1.588900387287139893e-02,6.161252260208129883e-01,-4.497850835323333740e-01,8.344056084752082825e-03,-8.878625631332397461e-01,2.200000000000000011e-01,1.221880058294885080e-01,4.403726309020905560e-01,4.566835389617738272e-01,-2.530727415391777591e+00,3.010902941045277004e+00,-1.000000000000000000e+00,-8.463380336761474609e-01,1.924926042556762695e-01,1.332983225584030151e-01,-1.000000000000000000e+00,-7.991690188646316528e-02,9.325847625732421875e-01
1.788365032312723637e+09,-1.515333447605371475e-02,-2.879303693771362305e-01,2.332429215312004089e-02,6.329185366630554199e-01,-4.432868957519531250e-01,8.114316500723361969e-03,-9.076628684997558594e-01,2.200000000000000011e-01,1.252707666158676403e-01,4.227811354398727239e-01,4.562510613663937065e-01,-2.530727415391777591e+00,3.011894487413830035e+00,-1.000000000000000000e+00,-8.468438386917114258e-01,1.944597065448760986e-01,1.328853368759155273e-01,-1.000000000000000000e+00,-7.897004485130310059e-02,9.302866458892822266e-01
1.788365032412825584e+09,-1.541554648429155350e-02,-2.758231759071350098e-01,3.229740262031555176e-02,6.511457562446594238e-01,-4.355803132057189941e-01,7.895356975495815277e-03,-9.293178319931030273e-01,2.200000000000000011e-01,1.253008216619491966e-01,4.226019787788390936e-01,4.564961606119515292e-01,-2.530727415391777591e+00,3.011272298601930242e+00,-1.000000000000000000e+00,-8.466616868972778320e-01,1.936453580856323242e-01,1.331193894147872925e-01,-1.000000000000000000e+00,-7.956419140100479126e-02,9.318715333938598633e-01
1.788365032513556242e+09,-1.576516218483448029e-02,-2.624305188655853271e-01,4.276102781295776367e-02,6.704956293106079102e-01,-4.266770780086517334e-01,7.758588530123233795e-03,-9.524070024490356445e-01,2.200000000000000011e-01,1.253230482339859342e-01,4.224969696998596147e-01,4.567991055889210616e-01,-2.530727415391777591e+00,3.011023204614737381e+00,-1.000000000000000000e+00,-8.465269804000854492e-01,1.931680440902709961e-01,1.334086805582046509e-01,-1.000000000000000000e+00,-7.980205863714218140e-02,9.328618049621582031e-01
1.788365032613313675e+09,-1.620355248451232910e-02,-2.480248957872390747e-01,5.464434251189231873e-02,6.906805038452148438e-01,-4.165949821472167969e-01,7.787260226905345917e-03,-9.765825271606445312e-01,2.200000000000000011e-01,1.253745725750923523e-01,4.222944849729537986e-01,4.566968339612782479e-01,-2.530727415391777591e+00,3.010882062278449567e+00,-1.000000000000000000e+00,-8.462147116661071777e-01,1.922476589679718018e-01,1.333110183477401733e-01,-1.000000000000000000e+00,-7.993683964014053345e-02,9.325704574584960938e-01
1.788365032713403702e+09,-1.669237576425075531e-02,-2.328790128231048584e-01,6.784649193286895752e-02,7.114295363426208496e-01,-4.053594768047332764e-01,8.014562539756298065e-03,-1.001554250717163086e+00,2.200000000000000011e-01,1.253933668136597013e-01,4.221574670076370106e-01,4.565392601291241581e-01,-2.530727415391777591e+00,3.010633163347000707e+00,-1.000000000000000000e+00,-8.461008071899414062e-01,1.916248500347137451e-01,1.331605464220046997e-01,-1.000000000000000000e+00,-8.017452061176300049e-02,9.321186542510986328e-01
1.788365032823195696e+09,-1.714866422116756439e-02,-2.172572910785675049e-01,8.223986625671386719e-02,7.325004935264587402e-01,-3.930105865001678467e-01,8.583274669945240021e-03,-1.027094483375549316e+00,2.200000000000000011e-01,1.253678554296493719e-01,4.223929899930953802e-01,4.567037467368421089e-01,-2.530727415391777591e+00,3.011104792531296592e+00,-1.000000000000000000e+00,-8.462554216384887695e-01,1.926954090595245361e-01,1.333176195621490479e-01,-1.000000000000000000e+00,-7.972414791584014893e-02,9.321075677871704102e-01
1.788365032929517984e+09,-1.745669916272163391e-02,-2.014246433973312378e-01,9.766454249620437622e-02,7.536707520484924316e-01,-3.796006441116333008e-01,9.676008485257625580e-03,-1.053024053573608398e+00,2.200000000000000011e-01,1.253581583499908669e-01,4.223595780134201116e-01,4.568304549480810550e-01,-2.530727415391777591e+00,3.010840889912026697e+00,-1.000000000000000000e+00,-8.463141918182373047e-01,1.925435364246368408e-01,1.334386169910430908e-01,-1.000000000000000000e+00,-7.997615635395050049e-02,9.329530000686645508e-01
1.788365033018309355e+09,-1.745957136154174805e-02,-1.856413781642913818e-01,1.139207482337951660e-01,7.747306227684020996e-01,-3.652049005031585693e-01,1.148983091115951538e-02,-1.079207897186279297e+00,2.200000000000000011e-01,1.253429439663887313e-01,4.223766642808914340e-01,4.565521494126812407e-01,-2.530727415391777591e+00,3.010979730590536363e+00,-1.000000000000000000e+00,-8.464064002037048340e-01,1.926212012767791748e-01,1.331728547811508179e-01,-1.000000000000000000e+00,-7.984357327222824097e-02,9.319595098495483398e-01
1.788365033120744467e+09,-1.697086915373802185e-02,-1.701739728450775146e-01,1.307582110166549683e-01,7.954828739166259766e-01,-3.499265015125274658e-01,1.423608977347612381e-02,-1.105551838874816895e+00,2.200000000000000011e-01,1.253501823544502514e-01,4.223792344331741555e-01,4.566101199797689691e-01,-2.530727415391777591e+00,3.010954599608492099e+00,-1.000000000000000000e+00,-8.463625311851501465e-01,1.926328837871551514e-01,1.332282125949859619e-01,-1.000000000000000000e+00,-7.986757159233093262e-02,9.321436882019042969e-01
1.788365033218502045e+09,-1.578624360263347626e-02,-1.552871614694595337e-01,1.478828787803649902e-01,8.157426118850708008e-01,-3.338945806026458740e-01,1.813388243317604065e-02,-1.131986021995544434e+00,2.200000000000000011e-01,1.253419113159179865e-01,4.224824470281600686e-01,4.566655158110372592e-01,-2.530727415391777591e+00,3.011222231693585272e+00,-1.000000000000000000e+00,-8.464126586914062500e-01,1.931020319461822510e-01,1.332811117172241211e-01,-1.000000000000000000e+00,-7.961200177669525146e-02,9.320970773696899414e-01
1.788365033316038847e+09,-1.367536932229995728e-02,-1.412410587072372437e-01,1.649499684572219849e-01,8.353403210639953613e-01,-3.172725439071655273e-01,2.340542152523994446e-02,-1.158459663391113281e+00,2.200000000000000011e-01,1.253696355223656023e-01,4.224157673120498835e-01,4.564622989348101068e-01,-2.530727415391777591e+00,3.011345311867987817e+00,-1.000000000000000000e+00,-8.462446331977844238e-01,1.927989423274993896e-01,1.330870538949966431e-01,-1.000000000000000000e+00,-7.949446886777877808e-02,9.314392805099487305e-01
1.788365033415888786e+09,-1.040189526975154877e-02,-1.282833218574523926e-01,1.815729290246963501e-01,8.541132211685180664e-01,-3.002590835094451904e-01,3.026250563561916351e-02,-1.184920787811279297e+00,2.200000000000000011e-01,1.253758117556572349e-01,4.224034541845321789e-01,4.566776248716187259e-01,-2.530727415391777591e+00,3.011192567616052695e+00,-1.000000000000000000e+00,-8.462072014808654785e-01,1.927429735660552979e-01,1.332926750183105469e-01,-1.000000000000000000e+00,-7.964032888412475586e-02,9.321753978729248047e-01
1.788365033518305779e+09,-5.731742363423109055e-03,-1.166439354419708252e-01,1.973270177841186523e-01,8.719093799591064453e-01,-2.830928266048431396e-01,3.889106586575508118e-02,-1.211310625076293945e+00,2.200000000000000011e-01,1.253250938653946156e-01,4.223415869474411166e-01,4.558045709663716138e-01,-2.530727415391777591e+00,3.011068676009756029e+00,-1.000000000000000000e+00,-8.465145826339721680e-01,1.924617588520050049e-01,1.324589699506759644e-01,-1.000000000000000000e+00,-7.975863665342330933e-02,9.296157360076904297e-01
1.788365033619241238e+09,5.389832658693194389e-04,-1.065081655979156494e-01,2.117661237716674805e-01,8.885883092880249023e-01,-2.660546004772186279e-01,4.944063723087310791e-02,-1.237541317939758301e+00,2.200000000000000011e-01,1.253215336799621826e-01,4.226052635908126853e-01,4.565218299478490671e-01,-2.530727415391777591e+00,3.011384931590689096e+00,-1.000000000000000000e+00,-8.465361595153808594e-01,1.936602890491485596e-01,1.331439018249511719e-01,-1.000000000000000000e+00,-7.945663481950759888e-02,9.314047098159790039e-01
1.788365033716217279e+09,8.566488511860370636e-03,-9.801019728183746338e-02,2.244420498609542847e-01,9.040228128433227539e-01,-2.494607418775558472e-01,6.200876086950302124e-02,-1.263479471206665039e+00,2.200000000000000011e-01,1.253299817442894148e-01,4.225272214412689187e-01,4.563742741787019108e-01,-2.530727415391777591e+00,3.011393038107405662e+00,-1.000000000000000000e+00,-8.464849591255187988e-01,1.933055520057678223e-01,1.330029964447021484e-01,-1.000000000000000000e+00,-7.944889366626739502e-02,9.312211275100708008e-01
1.788365033816412449e+09,1.844448782503604889e-02,-9.121099114418029785e-02,2.349405586719512939e-01,9.180941581726074219e-01,-2.336532920598983765e-01,7.661848515272140503e-02,-1.288932800292968750e+00,2.200000000000000011e-01,1.253961992263794289e-01,4.224046277999877752e-01,4.570633046929218346e-01,-2.530727415391777591e+00,3.011135861010185710e+00,-1.000000000000000000e+00,-8.460836410522460938e-01,1.927483081817626953e-01,1.336609721183776855e-01,-1.000000000000000000e+00,-7.969447970390319824e-02,9.334651231765747070e-01
1.788365033916453838e+09,3.017741814255714417e-02,-8.609181642532348633e-02,2.429065406322479248e-01,9.307151436805725098e-01,-2.189867049455642700e-01,9.320444613695144653e-02,-1.313651680946350098e+00,2.200000000000000011e-01,1.253437897562980907e-01,4.224583780765533425e-01,4.559926827257909654e-01,-2.530727415391777591e+00,3.011615565502279157e+00,-1.000000000000000000e+00,-8.464012742042541504e-01,1.929926276206970215e-01,1.326386034488677979e-01,-1.000000000000000000e+00,-7.923639565706253052e-02,9.297668933868408203e-01
1.788365034016694307e+09,4.362905398011207581e-02,-8.252194523811340332e-02,2.481281012296676636e-01,9.418576955795288086e-01,-2.057768404483795166e-01,1.115793809294700623e-01,-1.337342739105224609e+00,2.200000000000000011e-01,1.253406032919884006e-01,4.225414359569549250e-01,4.570215783681862431e-01,-2.530727415391777591e+00,3.011067685126576965e+00,-1.000000000000000000e+00,-8.464205861091613770e-01,1.933701634407043457e-01,1.336211264133453369e-01,-1.000000000000000000e+00,-7.975958287715911865e-02,9.333758354187011719e-01
1.788365034116712093e+09,5.851861089468002319e-02,-8.026219904422760010e-02,2.505718767642974854e-01,9.515571594238281250e-01,-1.942689567804336548e-01,1.314395219087600708e-01,-1.359688282012939453e+00,2.200000000000000011e-01,1.253278377652168596e-01,4.225349843502044789e-01,4.560758232860718797e-01,-2.530727415391777591e+00,3.011689093715500753e+00,-1.000000000000000000e+00,-8.464979529380798340e-01,1.933408379554748535e-01,1.327179968357086182e-01,-1.000000000000000000e+00,-7.916618138551712036e-02,9.300447702407836914e-01
1.788365034218690395e+09,7.449930161237716675e-02,-7.904713600873947144e-02,2.502533793449401855e-01,9.598415493965148926e-01,-1.847042143344879150e-01,1.524565517902374268e-01,-1.380294680595397949e+00,2.200000000000000011e-01,1.252957272529602317e-01,4.226827681064605491e-01,4.561765500722230193e-01,-2.530727415391777591e+00,3.011662363276356391e+00,-1.000000000000000000e+00,-8.466925621032714844e-01,1.940125823020935059e-01,1.328141838312149048e-01,-1.000000000000000000e+00,-7.919170707464218140e-02,9.303511381149291992e-01
1.788365034317020655e+09,9.108549356460571289e-02,-7.852432131767272949e-02,2.474019527435302734e-01,9.668183326721191406e-01,-1.772144138813018799e-01,1.742112785577774048e-01,-1.398787379264831543e+00,2.200000000000000011e-01,1.253343385457992842e-01,4.225804340839385831e-01,4.562993883775029458e-01,-2.530727415391777591e+00,3.011592759584702073e+00,-1.000000000000000000e+00,-8.464585542678833008e-01,1.935474276542663574e-01,1.329314857721328735e-01,-1.000000000000000000e+00,-7.925817370414733887e-02,9.308524131774902344e-01
1.788365034417568445e+09,1.076697111129760742e-01,-7.824736088514328003e-02,2.425467371940612793e-01,9.727256894111633301e-01,-1.717108488082885742e-01,1.961842030286788940e-01,-1.414930820465087891e+00,2.200000000000000011e-01,1.253317224979400846e-01,4.224148690700531006e-01,4.563278665161126790e-01,-2.530727415391777591e+00,3.011013085122743682e+00,-1.000000000000000000e+00,-8.464744091033935547e-01,1.927948594093322754e-01,1.329586803913116455e-01,-1.000000000000000000e+00,-7.981172204017639160e-02,9.313856363296508789e-01
1.788365034517472267e+09,1.236221790313720703e-01,-7.776072621345520020e-02,2.363944798707962036e-01,9.778946638107299805e-01,-1.679368466138839722e-01,2.178547978401184082e-01,-1.428637266159057617e+00,2.200000000000000011e-01,1.253512543439865290e-01,4.224005824327468628e-01,4.568253522898205743e-01,-2.530727415391777591e+00,3.010876647530998707e+00,-1.000000000000000000e+00,-8.463560342788696289e-01,1.927299201488494873e-01,1.334337443113327026e-01,-1.000000000000000000e+00,-7.994201034307479858e-02,9.328693151473999023e-01
1.788365034618105412e+09,1.384096741676330566e-01,-7.668859511613845825e-02,2.297065854072570801e-01,9.826884269714355469e-01,-1.655123829841613770e-01,2.387727946043014526e-01,-1.439966201782226562e+00,2.200000000000000011e-01,1.253947731852531611e-01,4.223524838685989158e-01,4.568118544323425123e-01,-2.530727415391777591e+00,3.011188658698944920e+00,-1.000000000000000000e+00,-8.460922837257385254e-01,1.925112903118133545e-01,1.334208548069000244e-01,-1.000000000000000000e+00,-7.964406162500381470e-02,9.325660467147827148e-01
1.788365034718918800e+09,1.516901701688766479e-01,-7.479835301637649536e-02,2.231689542531967163e-01,9.874302148818969727e-01,-1.640035510063171387e-01,2.586130797863006592e-01,-1.449092507362365723e+00,2.200000000000000011e-01,1.253020215034485185e-01,4.225978744029998957e-01,4.559445897815743720e-01,-2.530727415391777591e+00,3.011702529155140695e+00,-1.000000000000000000e+00,-8.466544151306152344e-01,1.936267018318176270e-01,1.325926780700683594e-01,-1.000000000000000000e+00,-7.915335148572921753e-02,9.295185804367065430e-01
1.788365034818488598e+09,1.633706390857696533e-01,-7.204201072454452515e-02,2.172458916902542114e-01,9.923306107521057129e-01,-1.630303114652633667e-01,2.772056758403778076e-01,-1.456257462501525879e+00,2.200000000000000011e-01,1.253455501794815408e-01,4.225543457269668735e-01,4.564312304559213773e-01,-2.530727415391777591e+00,3.011472519421931171e+00,-1.000000000000000000e+00,-8.463906049728393555e-01,1.934288442134857178e-01,1.330573856830596924e-01,-1.000000000000000000e+00,-7.937299460172653198e-02,9.312790632247924805e-01
1.788365034918547153e+09,1.735700219869613647e-01,-6.853678822517395020e-02,2.121469676494598389e-01,9.974508881568908691e-01,-1.623117178678512573e-01,2.945245206356048584e-01,-1.461719632148742676e+00,2.200000000000000011e-01,1.253705009818077420e-01,4.223346370458602728e-01,4.574668360159068747e-01,-2.530727415391777591e+00,3.010436500343768529e+00,-1.000000000000000000e+00,-8.462393879890441895e-01,1.924301683902740479e-01,1.340463161468505859e-01,-1.000000000000000000e+00,-8.036231994628906250e-02,9.353636503219604492e-01
1.788365035018287182e+09,1.825019717216491699e-01,-6.447990238666534424e-02,2.079046070575714111e-01,1.002776622772216797e+00,-1.616672128438949585e-01,3.106136620044708252e-01,-1.465736150741577148e+00,2.200000000000000011e-01,1.253249955177307418e-01,4.223536312580108421e-01,4.563384775485809230e-01,-2.530727415391777591e+00,3.011015667660792872e+00,-1.000000000000000000e+00,-8.465151786804199219e-01,1.925165057182312012e-01,1.329688131809234619e-01,-1.000000000000000000e+00,-7.980925589799880981e-02,9.313107728958129883e-01
1.788365035118469954e+09,1.904053390026092529e-01,-6.009295955300331116e-02,2.044326961040496826e-01,1.008255481719970703e+00,-1.610025763511657715e-01,3.255547881126403809e-01,-1.468549847602844238e+00,2.200000000000000011e-01,1.253939765691757524e-01,4.222310900688171498e-01,4.568838534085317149e-01,-2.530727415391777591e+00,3.010615647341198020e+00,-1.000000000000000000e+00,-8.460971117019653320e-01,1.919595003128051758e-01,1.334896087646484375e-01,-1.000000000000000000e+00,-8.019124716520309448e-02,9.332129955291748047e-01
1.788365035219250917e+09,1.974993795156478882e-01,-5.558085069060325623e-02,2.015939503908157349e-01,1.013820290565490723e+00,-1.602734029293060303e-01,3.394499421119689941e-01,-1.470381379127502441e+00,2.200000000000000011e-01,1.254112267494202071e-01,4.221995860338211282e-01,4.575528477967379937e-01,-2.530727415391777591e+00,3.010379161757291033e+00,-1.000000000000000000e+00,-8.459925651550292969e-01,1.918163001537322998e-01,1.341284513473510742e-01,-1.000000000000000000e+00,-8.041707426309585571e-02,9.354115724563598633e-01
1.788365035319413185e+09,2.039560377597808838e-01,-5.109931528568267822e-02,1.992633789777755737e-01,1.019422173500061035e+00,-1.594623774290084839e-01,3.523839414119720459e-01,-1.471430420875549316e+00,2.200000000000000011e-01,1.254232841730118231e-01,4.222192490100860618e-01,4.571103833472700551e-01,-2.530727415391777591e+00,3.010962003924530617e+00,-1.000000000000000000e+00,-8.459194898605346680e-01,1.919056773185729980e-01,1.337059289216995239e-01,-1.000000000000000000e+00,-7.986050099134445190e-02,9.335852861404418945e-01
1.788365035421399832e+09,2.099058330059051514e-01,-4.675940051674842834e-02,1.973448097705841064e-01,1.025022983551025391e+00,-1.585619747638702393e-01,3.644233345985412598e-01,-1.471873164176940918e+00,2.200000000000000011e-01,1.253674226999283159e-01,4.222679376602173074e-01,4.566843816025875080e-01,-2.530727415391777591e+00,3.010785439465150315e+00,-1.000000000000000000e+00,-8.462580442428588867e-01,1.921269893646240234e-01,1.332991272211074829e-01,-1.000000000000000000e+00,-8.002910763025283813e-02,9.324867725372314453e-01
1.788365035538795471e+09,2.154578864574432373e-01,-4.262403026223182678e-02,1.957405060529708862e-01,1.030470490455627441e+00,-1.576267331838607788e-01,3.756171762943267822e-01,-1.472423911094665527e+00,2.200000000000000011e-01,1.252959436178207597e-01,4.226448255777359164e-01,4.558797688567607920e-01,-2.530727415391777591e+00,3.011832046169091726e+00,-1.000000000000000000e+00,-8.466912508010864258e-01,1.938401162624359131e-01,1.325307786464691162e-01,-1.000000000000000000e+00,-7.902967184782028198e-02,9.290993213653564453e-01
1.788365035620842695e+09,2.206766158342361450e-01,-3.871396929025650024e-02,1.943226158618927002e-01,1.035378813743591309e+00,-1.568144857883453369e-01,3.859972357749938965e-01,-1.473993539810180664e+00,2.200000000000000011e-01,1.253557980060577559e-01,4.224971729516983077e-01,4.571437300772476231e-01,-2.530727415391777591e+00,3.010928828843607796e+00,-1.000000000000000000e+00,-8.463284969329833984e-01,1.931689679622650146e-01,1.337377727031707764e-01,-1.000000000000000000e+00,-7.989218086004257202e-02,9.339765310287475586e-01
