t_recv,t_send,step_idx,arm_target_0,arm_target_1,arm_target_2,arm_target_3,arm_target_4,arm_target_5,arm_target_6,grip_cmd
1788153718.904815,1788153718.904455,0,-0.007300,-0.373466,0.003300,0.930830,-0.464755,-0.003715,-0.328168,0.044000
1788153719.250074,1788153719.249821,1,0.011700,-0.366467,0.017310,0.922856,-0.462070,-0.015958,-0.320773,0.044000
1788153719.494490,1788153719.494248,2,0.043223,-0.353367,0.044149,0.909785,-0.455936,-0.037782,-0.307629,0.044000
1788153719.734569,1788153719.734280,3,0.082120,-0.334296,0.084306,0.892779,-0.445040,-0.068066,-0.288632,0.044000
1788153719.977026,1788153719.976725,4,0.120725,-0.311179,0.135439,0.874048,-0.428871,-0.104406,-0.264590,0.044000
1788153720.216460,1788153720.216230,5,0.152342,-0.286851,0.194974,0.856046,-0.407073,-0.145578,-0.236434,0.044000
1788153720.432912,1788153720.432607,6,0.172597,-0.264532,0.259376,0.841066,-0.380111,-0.190558,-0.205808,0.044000
1788153720.669692,1788153720.669312,7,0.180073,-0.246629,0.324844,0.830386,-0.349519,-0.233881,-0.174735,0.044000
1788153720.950497,1788153720.950154,8,0.174433,-0.234761,0.388206,0.823693,-0.318861,-0.276596,-0.144268,0.044000
1788153721.183550,1788153721.183323,9,0.155867,-0.229010,0.448012,0.820663,-0.287612,-0.318695,-0.119314,0.044000
1788153721.456127,1788153721.455731,10,0.124007,-0.229884,0.502042,0.821176,-0.256667,-0.358914,-0.096707,0.044000
1788153721.734961,1788153721.734743,11,0.078652,-0.238423,0.547323,0.824288,-0.227392,-0.395727,-0.076526,0.044000
1788153721.989386,1788153721.987109,12,0.019737,-0.256527,0.569812,0.827819,-0.203790,-0.426708,-0.058908,0.044000
1788153722.230688,1788153722.230478,13,-0.050141,-0.285705,0.576027,0.827573,-0.186590,-0.449247,-0.043297,0.044000
1788153722.504374,1788153722.502194,14,-0.124735,-0.324991,0.566409,0.818193,-0.176674,-0.461503,-0.027977,0.044000
1788153722.742065,1788153722.741810,15,-0.196935,-0.369332,0.543389,0.795192,-0.174388,-0.462417,-0.010706,0.044000
1788153723.014056,1788153723.013835,16,-0.262027,-0.407823,0.514634,0.760260,-0.177989,-0.455349,0.009488,0.044000
1788153723.330398,1788153723.328979,17,-0.320548,-0.434845,0.486218,0.720337,-0.184877,-0.446094,0.031114,0.044000
1788153723.572053,1788153723.571785,18,-0.373375,-0.449780,0.459923,0.679602,-0.194016,-0.437021,0.052651,0.044000
1788153723.812128,1788153723.811725,19,-0.420129,-0.452121,0.436635,0.639983,-0.205120,-0.428900,0.073245,0.044000
1788153724.050858,1788153724.050674,20,-0.460095,-0.441448,0.417056,0.602996,-0.218148,-0.422497,0.092180,0.044000
1788153724.297833,1788153724.297648,21,-0.492647,-0.417389,0.401027,0.569592,-0.233179,-0.418137,0.108835,0.044000
1788153724.539667,1788153724.539339,22,-0.517569,-0.379748,0.387816,0.540707,-0.250375,-0.415300,0.122393,0.044000
1788153724.787365,1788153724.786866,23,-0.535109,-0.328470,0.376660,0.518422,-0.270045,-0.411783,0.131006,0.044000
1788153725.045996,1788153725.045697,24,-0.547183,-0.272657,0.364228,0.504703,-0.290503,-0.397676,0.132433,0.044000
1788153725.312562,1788153725.312371,25,-0.558979,-0.227131,0.348743,0.493688,-0.308279,-0.371322,0.131895,0.044000
1788153725.550086,1788153725.549906,26,-0.574068,-0.193564,0.330148,0.483526,-0.323266,-0.335006,0.132926,0.044000
1788153725.786433,1788153725.785727,27,-0.595254,-0.170452,0.307721,0.477753,-0.336332,-0.287514,0.134672,0.044000
1788153726.021159,1788153726.020966,28,-0.618828,-0.151503,0.282925,0.479237,-0.347928,-0.231211,0.134409,0.000000
1788153726.302788,1788153726.302417,29,-0.639028,-0.135708,0.259470,0.486433,-0.352636,-0.170453,0.131733,0.000000
1788153726.551154,1788153726.550967,30,-0.654671,-0.123540,0.243777,0.494317,-0.350650,-0.113433,0.129244,0.000000
1788153726.791039,1788153726.790523,31,-0.669990,-0.116876,0.236003,0.500786,-0.343242,-0.067684,0.127127,0.000000
1788153727.028233,1788153727.028029,32,-0.687609,-0.117785,0.232527,0.505605,-0.334029,-0.037649,0.124293,0.000000
1788153727.275733,1788153727.275080,33,-0.704822,-0.125588,0.231753,0.510421,-0.325374,-0.026533,0.119843,0.000000
1788153727.551326,1788153727.551130,34,-0.717682,-0.138994,0.232928,0.518441,-0.318700,-0.033947,0.112515,0.000000
1788153727.798377,1788153727.796903,35,-0.724201,-0.156723,0.234670,0.532594,-0.314723,-0.056857,0.101075,0.000000
1788153728.073153,1788153728.072942,36,-0.723090,-0.176885,0.234705,0.553964,-0.314395,-0.088229,0.084839,0.000000
1788153728.340103,1788153728.339914,37,-0.714569,-0.197685,0.232047,0.582773,-0.317484,-0.120608,0.063693,0.000000
1788153728.578639,1788153728.578412,38,-0.699638,-0.218270,0.227248,0.618918,-0.322856,-0.151407,0.037899,0.000000
1788153728.822024,1788153728.821838,39,-0.678270,-0.238403,0.220290,0.661784,-0.329782,-0.178837,0.006821,0.000000
1788153729.060085,1788153729.059761,40,-0.651005,-0.257891,0.210269,0.710217,-0.337899,-0.199667,-0.029360,0.000000
1788153729.302246,1788153729.302053,41,-0.618944,-0.276265,0.196464,0.762915,-0.346938,-0.211464,-0.070034,0.000000
1788153729.541390,1788153729.540999,42,-0.583027,-0.293435,0.179587,0.819062,-0.356352,-0.215516,-0.114460,0.000000
1788153729.780480,1788153729.779609,43,-0.542028,-0.310600,0.160835,0.877374,-0.365421,-0.214669,-0.162076,0.000000
1788153730.022255,1788153730.022030,44,-0.491410,-0.328528,0.142032,0.934128,-0.373735,-0.212107,-0.210333,0.000000
1788153730.261541,1788153730.261264,45,-0.428641,-0.346243,0.126801,0.985477,-0.380686,-0.211500,-0.255262,0.000000
1788153730.462648,1788153730.462438,46,-0.358366,-0.361944,0.117065,1.030613,-0.385207,-0.212609,-0.294734,0.000000
1788153730.709025,1788153730.708843,47,-0.291614,-0.373906,0.111615,1.070690,-0.386683,-0.212255,-0.326521,0.000000
1788153730.951229,1788153730.951064,48,-0.234930,-0.381136,0.109816,1.102938,-0.384815,-0.209680,-0.356873,0.000000
1788153731.202874,1788153731.202670,49,-0.190242,-0.382515,0.111842,1.118655,-0.379725,-0.204876,-0.386103,0.000000
1788153731.521052,1788153731.520754,50,-0.158241,-0.378737,0.116934,1.125389,-0.372476,-0.198386,-0.414340,0.000000
1788153731.763442,1788153731.763242,51,-0.139277,-0.370793,0.123666,1.127212,-0.364423,-0.190791,-0.441444,0.000000
1788153732.002100,1788153732.001806,52,-0.133660,-0.359350,0.128753,1.126415,-0.357207,-0.179952,-0.467951,0.000000
1788153732.247087,1788153732.246285,53,-0.139366,-0.343657,0.128192,1.124302,-0.352866,-0.161145,-0.494490,0.000000
1788153732.489713,1788153732.489526,54,-0.148954,-0.325015,0.122261,1.123706,-0.351430,-0.134761,-0.521552,0.000000
1788153732.730689,1788153732.730457,55,-0.159227,-0.305718,0.110624,1.125805,-0.352772,-0.101431,-0.547963,0.000000
1788153732.969376,1788153732.969029,56,-0.168188,-0.287553,0.093545,1.129854,-0.356413,-0.061666,-0.570468,0.000000
1788153733.214295,1788153733.213969,57,-0.175241,-0.272029,0.070782,1.134740,-0.362459,-0.016187,-0.586832,0.000000
1788153733.459361,1788153733.459175,58,-0.177931,-0.259901,0.047536,1.137390,-0.368208,0.026960,-0.594568,0.000000
1788153733.910794,1788153733.910275,59,-0.177653,-0.250628,0.029280,1.135616,-0.370944,0.066197,-0.593139,0.000000
1788153734.183769,1788153734.183593,60,-0.176665,-0.245750,0.017803,1.127784,-0.370483,0.097555,-0.583037,0.000000
1788153734.440624,1788153734.440434,61,-0.174137,-0.246502,0.012814,1.115463,-0.367770,0.116030,-0.572477,0.000000
1788153734.715868,1788153734.715648,62,-0.168007,-0.248927,0.016704,1.102461,-0.362458,0.118540,-0.571216,0.000000
1788153734.962790,1788153734.962433,63,-0.165406,-0.253385,0.027662,1.091245,-0.355153,0.107480,-0.577805,0.000000
1788153735.228576,1788153735.228340,64,-0.171054,-0.254437,0.041007,1.079142,-0.348314,0.093395,-0.587383,0.000000
1788153735.473836,1788153735.473558,65,-0.184163,-0.250437,0.047004,1.066845,-0.344356,0.090352,-0.603268,0.000000
1788153735.717700,1788153735.716782,66,-0.199513,-0.243526,0.043086,1.054495,-0.344304,0.101134,-0.621601,0.000000
1788153735.954522,1788153735.954285,67,-0.213430,-0.237432,0.031441,1.043334,-0.347013,0.121998,-0.634554,0.000000
1788153736.194418,1788153736.194125,68,-0.223596,-0.235826,0.017684,1.031499,-0.350315,0.143957,-0.638220,0.000000
1788153736.432727,1788153736.432525,69,-0.227768,-0.237776,0.005712,1.018628,-0.353160,0.161470,-0.635889,0.000000
1788153736.693077,1788153736.692730,70,-0.221500,-0.239400,0.003801,1.006307,-0.352560,0.167850,-0.630264,0.000000
1788153736.915377,1788153736.913685,71,-0.214250,-0.241620,0.016576,1.000340,-0.345624,0.157282,-0.625746,0.000000
1788153737.187435,1788153737.187272,72,-0.212326,-0.243839,0.033792,0.997425,-0.337318,0.139517,-0.624807,0.000000
1788153737.481763,1788153737.481567,73,-0.217163,-0.241456,0.046858,0.999676,-0.330712,0.128368,-0.631962,0.000000
1788153737.753505,1788153737.753277,74,-0.224961,-0.234633,0.049083,1.005329,-0.328425,0.134331,-0.642236,0.000000
1788153738.048039,1788153738.047853,75,-0.232129,-0.226515,0.041447,1.011834,-0.330468,0.154911,-0.644350,0.000000
1788153738.288074,1788153738.287855,76,-0.238261,-0.219918,0.028532,1.021111,-0.334872,0.181280,-0.639530,0.000000
1788153738.532052,1788153738.530924,77,-0.239539,-0.216340,0.013423,1.029876,-0.340516,0.208232,-0.627896,0.000000
1788153738.773484,1788153738.773203,78,-0.235231,-0.212769,0.001742,1.036509,-0.345500,0.232079,-0.609976,0.000000
1788153739.016969,1788153739.016706,79,-0.228566,-0.209777,-0.002247,1.039616,-0.347944,0.248452,-0.585015,0.000000
1788153739.262527,1788153739.262297,80,-0.221390,-0.210250,0.002156,1.039559,-0.346702,0.253695,-0.557811,0.000000
1788153739.502853,1788153739.502639,81,-0.214593,-0.208797,0.014511,1.038893,-0.341870,0.250903,-0.536361,0.000000
1788153739.788356,1788153739.787494,82,-0.214062,-0.203584,0.031077,1.043353,-0.333764,0.247764,-0.524943,0.000000
1788153740.043862,1788153740.042432,83,-0.221742,-0.199188,0.040636,1.053901,-0.326048,0.252516,-0.522845,0.000000
1788153740.304448,1788153740.304116,84,-0.229456,-0.196516,0.035473,1.065103,-0.323438,0.269559,-0.526935,0.000000
1788153740.564223,1788153740.564034,85,-0.236969,-0.192479,0.022838,1.075855,-0.324074,0.293903,-0.531582,0.000000
1788153740.805753,1788153740.805550,86,-0.242321,-0.188371,0.008396,1.080665,-0.325930,0.320570,-0.529117,0.000000
1788153741.046788,1788153741.046607,87,-0.245918,-0.183666,-0.003635,1.078137,-0.327498,0.345977,-0.519452,0.000000
1788153741.326831,1788153741.326663,88,-0.246921,-0.179255,-0.008736,1.068196,-0.327498,0.364215,-0.503123,0.000000
1788153741.588316,1788153741.588053,89,-0.245255,-0.175610,-0.001870,1.057105,-0.324920,0.369465,-0.487709,0.000000
1788153741.846205,1788153741.845921,90,-0.245133,-0.174431,0.015801,1.050460,-0.317572,0.360368,-0.481788,0.000000
1788153742.087034,1788153742.086717,91,-0.249201,-0.176613,0.033188,1.049246,-0.310217,0.345068,-0.485787,0.000000
1788153742.373319,1788153742.373125,92,-0.256324,-0.179270,0.042558,1.052718,-0.305596,0.335389,-0.497545,0.000000
1788153742.656080,1788153742.655704,93,-0.266459,-0.179954,0.038468,1.057104,-0.306168,0.340912,-0.509751,0.000000
1788153742.905881,1788153742.904319,94,-0.275873,-0.178910,0.024913,1.057858,-0.310931,0.357980,-0.512956,0.000000
1788153743.162694,1788153743.162506,95,-0.282826,-0.178019,0.010207,1.054356,-0.316452,0.377580,-0.507638,0.000000
1788153743.394386,1788153743.393826,96,-0.283366,-0.177184,0.000615,1.046606,-0.320835,0.392422,-0.495480,0.000000
1788153743.634210,1788153743.633967,97,-0.276424,-0.175383,0.004789,1.039368,-0.320380,0.394289,-0.482978,0.000000
1788153743.883509,1788153743.883293,98,-0.270214,-0.173757,0.021029,1.038167,-0.314728,0.382636,-0.480768,0.000000
1788153744.155654,1788153744.155424,99,-0.269391,-0.173870,0.036852,1.036679,-0.309800,0.368211,-0.483217,0.000000
1788153744.399543,1788153744.399345,100,-0.278138,-0.175395,0.043574,1.037705,-0.307719,0.361280,-0.491792,0.000000
1788153744.649770,1788153744.649577,101,-0.290041,-0.175088,0.035608,1.037073,-0.310805,0.369771,-0.502194,0.000000
1788153744.931801,1788153744.931333,102,-0.299274,-0.175350,0.021167,1.033569,-0.315338,0.385640,-0.506347,0.000000
1788153745.210002,1788153745.209595,103,-0.301118,-0.175491,0.006931,1.029337,-0.319463,0.401719,-0.506284,0.000000
1788153745.453584,1788153745.453392,104,-0.292119,-0.172656,0.001978,1.022557,-0.321818,0.410234,-0.501128,0.000000
1788153745.699289,1788153745.696935,105,-0.282278,-0.170867,0.011343,1.016901,-0.320630,0.402750,-0.490256,0.000000
1788153745.951317,1788153745.949291,106,-0.277803,-0.169547,0.027054,1.013445,-0.317739,0.387562,-0.478756,0.000000
1788153746.228727,1788153746.228533,107,-0.279409,-0.169582,0.043753,1.014627,-0.313273,0.372364,-0.471561,0.000000
1788153746.489010,1788153746.488671,108,-0.286591,-0.171444,0.052661,1.024623,-0.309613,0.366264,-0.472402,0.000000
1788153746.777475,1788153746.777202,109,-0.291964,-0.171218,0.047035,1.036865,-0.310701,0.377470,-0.474292,0.000000
1788153747.051986,1788153747.051798,110,-0.295214,-0.171859,0.035438,1.047781,-0.313122,0.395329,-0.468970,0.000000
1788153747.297357,1788153747.297156,111,-0.293292,-0.172740,0.024166,1.056082,-0.315815,0.412083,-0.456509,0.000000
1788153747.581878,1788153747.581698,112,-0.284715,-0.171386,0.021234,1.061460,-0.317123,0.421518,-0.437266,0.000000
1788153747.828706,1788153747.828385,113,-0.273488,-0.170507,0.031721,1.068003,-0.314125,0.417508,-0.417853,0.000000
1788153748.085491,1788153748.085310,114,-0.264593,-0.169050,0.049529,1.077860,-0.308072,0.405456,-0.406770,0.000000
1788153748.333026,1788153748.332659,115,-0.261126,-0.170047,0.065804,1.089868,-0.301463,0.393858,-0.401567,0.000000
1788153748.578712,1788153748.578490,116,-0.265316,-0.175635,0.071860,1.106320,-0.296794,0.389706,-0.402180,0.000000
1788153748.816468,1788153748.815960,117,-0.268748,-0.180650,0.063115,1.121330,-0.297020,0.399178,-0.407260,0.000000
1788153749.097748,1788153749.097518,118,-0.271003,-0.181649,0.048402,1.128004,-0.299807,0.415053,-0.410628,0.000000
1788153749.350075,1788153749.349896,119,-0.273133,-0.179574,0.034156,1.122791,-0.303376,0.432114,-0.408198,0.000000
1788153749.592338,1788153749.592149,120,-0.270061,-0.175438,0.025759,1.112282,-0.305605,0.445453,-0.403129,0.000000
1788153749.835348,1788153749.834007,121,-0.262582,-0.168750,0.030295,1.107100,-0.303711,0.448864,-0.398807,0.000000
1788153750.046305,1788153750.045989,122,-0.259004,-0.166583,0.044837,1.102703,-0.298979,0.438169,-0.394580,0.000000
1788153750.336624,1788153750.336344,123,-0.260796,-0.166061,0.060016,1.096793,-0.295458,0.421202,-0.395752,0.000000
1788153750.592757,1788153750.588206,124,-0.267452,-0.166454,0.067260,1.092569,-0.293827,0.411512,-0.404633,0.000000
1788153750.726046,1788153750.725860,125,-0.278228,-0.166275,0.059696,1.090177,-0.296149,0.418613,-0.415965,0.000000
1788153751.008178,1788153751.008007,126,-0.286626,-0.167420,0.043788,1.085517,-0.300596,0.433886,-0.419190,0.000000
1788153751.254225,1788153751.254003,127,-0.289882,-0.167549,0.029261,1.080394,-0.304655,0.448318,-0.416674,0.000000
1788153751.499789,1788153751.499576,128,-0.284006,-0.162865,0.024136,1.074401,-0.307009,0.457425,-0.409574,0.000000
1788153751.752939,1788153751.752574,129,-0.276678,-0.157197,0.034568,1.071613,-0.304093,0.453355,-0.401765,0.000000
1788153752.001880,1788153752.001533,130,-0.273841,-0.156570,0.051608,1.073805,-0.297861,0.439261,-0.398743,0.000000
1788153752.216304,1788153752.215967,131,-0.277175,-0.161614,0.064098,1.081930,-0.292302,0.425078,-0.401762,0.000000
1788153752.465075,1788153752.464876,132,-0.279606,-0.169003,0.064559,1.095131,-0.290531,0.420242,-0.410786,0.000000
1788153752.715523,1788153752.715279,133,-0.281977,-0.170919,0.053270,1.103699,-0.294199,0.429483,-0.416919,0.000000
1788153752.934236,1788153752.933921,134,-0.285380,-0.170183,0.038692,1.100828,-0.299394,0.444296,-0.413711,0.000000
1788153753.222695,1788153753.222402,135,-0.282442,-0.167290,0.031359,1.092542,-0.302580,0.455002,-0.405285,0.000000
1788153753.428838,1788153753.428481,136,-0.272384,-0.162665,0.039323,1.091084,-0.299707,0.453342,-0.401554,0.000000
1788153753.705558,1788153753.705342,137,-0.263481,-0.161208,0.054437,1.095036,-0.294320,0.440108,-0.406167,0.000000
1788153753.983312,1788153753.983113,138,-0.262622,-0.161639,0.064947,1.096997,-0.291337,0.427934,-0.413786,0.000000
1788153754.275587,1788153754.275367,139,-0.270747,-0.163169,0.062708,1.098316,-0.291825,0.428495,-0.424086,0.000000
1788153754.557171,1788153754.556833,140,-0.280508,-0.165373,0.048533,1.090748,-0.296109,0.439896,-0.431555,0.000000
1788153754.793319,1788153754.793105,141,-0.287142,-0.164414,0.035284,1.076086,-0.300498,0.451047,-0.435964,0.000000
1788153755.007937,1788153755.007742,142,-0.290513,-0.161429,0.031402,1.064253,-0.301290,0.456788,-0.437275,0.000000
1788153755.253981,1788153755.253792,143,-0.289401,-0.159825,0.037650,1.057898,-0.298888,0.452970,-0.433545,0.000000
1788153755.514007,1788153755.513830,144,-0.284334,-0.160485,0.052568,1.054206,-0.295279,0.436141,-0.429381,0.000000
1788153755.759368,1788153755.759140,145,-0.281740,-0.163854,0.068062,1.056974,-0.291343,0.415055,-0.430286,0.000000
1788153755.998523,1788153755.996274,146,-0.284373,-0.169215,0.075252,1.068133,-0.288715,0.401546,-0.438259,0.000000
1788153756.274194,1788153756.274001,147,-0.287737,-0.174873,0.067390,1.077700,-0.291557,0.404222,-0.444714,0.000000
1788153756.516291,1788153756.515540,148,-0.287103,-0.178092,0.052099,1.079249,-0.298266,0.415189,-0.441036,0.000000
1788153756.763671,1788153756.763388,149,-0.281154,-0.174173,0.043244,1.080588,-0.302859,0.426099,-0.432785,0.000000
1788153757.005588,1788153757.005333,150,-0.274379,-0.166423,0.048853,1.079827,-0.302418,0.429185,-0.418987,0.000000
1788153757.244787,1788153757.244561,151,-0.274269,-0.161644,0.064006,1.075457,-0.297482,0.423245,-0.406606,0.000000
1788153757.497377,1788153757.496772,152,-0.277072,-0.161524,0.074944,1.076342,-0.291181,0.419810,-0.406411,0.000000
1788153757.739466,1788153757.739198,153,-0.284143,-0.164511,0.072703,1.083433,-0.289045,0.425729,-0.410868,0.000000
1788153757.967415,1788153757.967205,154,-0.289050,-0.165917,0.060640,1.084881,-0.293051,0.438988,-0.404944,0.000000
1788153758.196101,1788153758.195860,155,-0.286973,-0.164830,0.055230,1.085117,-0.295011,0.447212,-0.395670,0.000000
1788153758.441792,1788153758.441489,156,-0.276586,-0.164247,0.062375,1.089165,-0.291250,0.443293,-0.394597,0.000000
1788153758.697011,1788153758.696481,157,-0.264120,-0.167733,0.073729,1.095834,-0.286575,0.426621,-0.404746,0.000000
1788153758.901322,1788153758.901123,158,-0.258357,-0.171910,0.081751,1.098455,-0.284646,0.408500,-0.418191,0.000000
1788153759.144751,1788153759.144455,159,-0.264810,-0.173536,0.080518,1.097541,-0.285875,0.402209,-0.432048,0.000000
1788153759.389823,1788153759.389359,160,-0.276055,-0.172162,0.067945,1.091159,-0.289979,0.412205,-0.443260,0.000000
1788153759.673954,1788153759.673734,161,-0.284710,-0.172154,0.050754,1.081972,-0.294380,0.426822,-0.449669,0.000000
1788153759.923036,1788153759.922643,162,-0.287055,-0.173527,0.035387,1.074120,-0.298011,0.438186,-0.452774,0.000000
1788153760.169579,1788153760.169303,163,-0.281115,-0.171494,0.030736,1.069826,-0.298950,0.440889,-0.453536,0.000000
1788153760.414553,1788153760.414264,164,-0.272801,-0.169285,0.040743,1.067384,-0.296960,0.428985,-0.447739,0.000000
1788153760.661630,1788153760.660714,165,-0.261307,-0.170044,0.055020,1.067424,-0.294664,0.409361,-0.441058,0.000000
1788153760.902706,1788153760.902372,166,-0.253321,-0.171732,0.070388,1.071700,-0.291808,0.387269,-0.438259,0.000000
1788153761.155019,1788153761.154773,167,-0.255765,-0.174345,0.082161,1.080060,-0.289070,0.368923,-0.438830,0.000000
1788153761.417793,1788153761.417424,168,-0.261609,-0.177660,0.080517,1.090976,-0.289144,0.366926,-0.444392,0.000000
1788153761.640380,1788153761.640191,169,-0.263644,-0.177606,0.066339,1.100381,-0.292725,0.382205,-0.450192,0.000000
1788153761.920329,1788153761.919959,170,-0.266479,-0.174495,0.051225,1.103294,-0.296798,0.402476,-0.447583,0.000000
1788153762.185456,1788153762.185155,171,-0.266507,-0.171451,0.040923,1.098003,-0.299915,0.419798,-0.436250,0.000000
1788153762.390844,1788153762.390648,172,-0.261792,-0.167890,0.044236,1.091872,-0.298552,0.424287,-0.423043,0.000000
1788153762.630549,1788153762.630362,173,-0.252860,-0.168615,0.057877,1.095457,-0.291568,0.414351,-0.422915,0.000000
1788153762.909853,1788153762.909573,174,-0.243321,-0.172258,0.071539,1.103468,-0.285755,0.396544,-0.431411,0.000000
1788153763.157061,1788153763.156810,175,-0.244124,-0.176319,0.079858,1.111738,-0.282772,0.380496,-0.443297,0.000000
1788153763.390320,1788153763.389965,176,-0.250419,-0.179717,0.075370,1.117173,-0.283949,0.378595,-0.457170,0.000000
1788153763.638718,1788153763.638473,177,-0.258453,-0.181056,0.061556,1.113783,-0.288421,0.388513,-0.466727,0.000000
1788153763.893967,1788153763.893786,178,-0.267338,-0.180784,0.049102,1.098308,-0.293254,0.398365,-0.467520,0.000000
1788153764.148155,1788153764.147981,179,-0.269384,-0.181848,0.041498,1.078610,-0.296753,0.402568,-0.464868,0.000000
1788153764.405933,1788153764.404300,180,-0.266769,-0.182484,0.045439,1.068194,-0.296126,0.394864,-0.463788,0.000000
1788153764.655757,1788153764.655532,181,-0.259055,-0.180826,0.057199,1.065339,-0.293227,0.381101,-0.465729,0.000000
1788153764.894330,1788153764.894133,182,-0.251212,-0.178145,0.068461,1.069104,-0.290215,0.368614,-0.474762,0.000000
1788153765.140296,1788153765.140110,183,-0.255733,-0.177479,0.071458,1.074353,-0.289689,0.363649,-0.485470,0.000000
1788153765.416659,1788153765.416241,184,-0.263643,-0.176477,0.060136,1.070526,-0.295108,0.374045,-0.489312,0.000000
1788153765.700059,1788153765.699718,185,-0.273220,-0.175395,0.044151,1.067857,-0.300518,0.391740,-0.487635,0.000000
1788153765.938254,1788153765.937918,186,-0.276073,-0.174375,0.031946,1.067854,-0.303739,0.406846,-0.481182,0.000000
1788153766.176976,1788153766.176799,187,-0.269305,-0.171438,0.031102,1.070785,-0.303650,0.413248,-0.471016,0.000000
1788153766.414001,1788153766.413641,188,-0.254719,-0.171282,0.042920,1.076362,-0.299640,0.404538,-0.461034,0.000000
1788153766.652560,1788153766.652373,189,-0.241721,-0.172807,0.058973,1.083976,-0.295277,0.386448,-0.456190,0.000000
1788153766.947364,1788153766.947031,190,-0.235483,-0.175892,0.074388,1.092243,-0.291194,0.366408,-0.454683,0.000000
1788153767.211254,1788153767.210918,191,-0.239619,-0.180336,0.081491,1.105591,-0.288722,0.354060,-0.458976,0.000000
1788153767.475601,1788153767.475362,192,-0.246005,-0.183447,0.074130,1.115718,-0.290770,0.358477,-0.465977,0.000000
1788153767.731971,1788153767.731700,193,-0.253852,-0.182441,0.061359,1.113519,-0.295362,0.371373,-0.467835,0.000000
1788153767.973531,1788153767.973213,194,-0.260534,-0.181222,0.047488,1.100384,-0.300288,0.387226,-0.464073,0.000000
1788153768.215646,1788153768.215470,195,-0.260629,-0.179423,0.038567,1.088833,-0.303004,0.399033,-0.460285,0.000000
1788153768.497147,1788153768.496906,196,-0.253255,-0.174738,0.043185,1.084324,-0.301367,0.400661,-0.456040,0.000000
1788153768.739783,1788153768.739571,197,-0.247435,-0.172191,0.057593,1.080516,-0.297772,0.389871,-0.449258,0.000000
1788153769.015917,1788153769.015690,198,-0.250467,-0.170876,0.070924,1.074710,-0.295399,0.377585,-0.443571,0.000000
1788153769.301739,1788153769.301524,199,-0.260998,-0.169819,0.074416,1.070988,-0.295311,0.376232,-0.444707,0.000000
1788153769.509018,1788153769.508670,200,-0.270126,-0.170559,0.065792,1.073421,-0.296160,0.387657,-0.456659,0.000000
1788153769.761023,1788153769.760694,201,-0.276236,-0.173403,0.052419,1.073952,-0.297587,0.401021,-0.467768,0.000000
1788153770.024773,1788153770.024492,202,-0.277783,-0.176314,0.038347,1.070668,-0.300019,0.413298,-0.473807,0.000000
1788153770.273644,1788153770.273384,203,-0.272307,-0.172884,0.033184,1.065385,-0.301061,0.420322,-0.475520,0.000000
1788153770.483551,1788153770.483331,204,-0.268815,-0.168693,0.042780,1.057662,-0.299257,0.413024,-0.468563,0.000000
1788153770.728006,1788153770.727758,205,-0.263311,-0.168495,0.057206,1.051965,-0.296497,0.396383,-0.461333,0.000000
1788153770.970961,1788153770.970602,206,-0.258095,-0.170231,0.071678,1.056372,-0.292617,0.377906,-0.462361,0.000000
1788153771.182406,1788153771.182174,207,-0.259187,-0.173503,0.078937,1.069168,-0.289869,0.366364,-0.469185,0.000000
1788153771.399318,1788153771.399020,208,-0.265363,-0.176517,0.071372,1.080050,-0.292033,0.372134,-0.474791,0.000000
1788153771.604824,1788153771.604484,209,-0.273153,-0.176896,0.055320,1.082685,-0.297395,0.388034,-0.472820,0.000000
1788153771.887450,1788153771.887136,210,-0.278590,-0.175464,0.039039,1.081649,-0.302322,0.406735,-0.466349,0.000000
1788153772.134685,1788153772.134290,211,-0.279126,-0.171672,0.030752,1.076464,-0.305375,0.421330,-0.451891,0.000000
1788153772.389586,1788153772.389205,212,-0.275506,-0.168928,0.035164,1.069702,-0.303724,0.424368,-0.435057,0.000000
1788153772.635424,1788153772.635134,213,-0.267483,-0.164459,0.048997,1.067993,-0.298156,0.416646,-0.432360,0.000000
1788153772.882020,1788153772.881692,214,-0.263715,-0.160070,0.061660,1.066552,-0.293375,0.408578,-0.437226,0.000000
1788153773.141168,1788153773.140745,215,-0.272465,-0.159774,0.068995,1.065343,-0.290529,0.401344,-0.444362,0.000000
1788153773.407419,1788153773.406432,216,-0.283560,-0.162540,0.064046,1.059619,-0.292984,0.400605,-0.454835,0.000000
1788153773.651074,1788153773.650551,217,-0.297285,-0.162821,0.054600,1.047564,-0.297546,0.403425,-0.465897,0.000000
1788153773.896650,1788153773.896468,218,-0.309571,-0.164131,0.044454,1.025960,-0.302083,0.406673,-0.471914,0.000000
1788153774.141714,1788153774.141310,219,-0.311580,-0.163201,0.041483,1.004752,-0.303601,0.404879,-0.478461,0.000000
1788153774.389101,1788153774.388739,220,-0.306906,-0.160838,0.052811,0.992827,-0.300539,0.390389,-0.483361,0.000000
1788153774.681097,1788153774.680192,221,-0.300748,-0.160197,0.067518,0.987233,-0.297428,0.369616,-0.486141,0.000000
1788153774.924618,1788153774.924424,222,-0.299240,-0.162848,0.080036,0.988910,-0.294607,0.348111,-0.492812,0.000000
1788153775.131207,1788153775.131023,223,-0.301990,-0.169471,0.081761,0.998977,-0.294996,0.334582,-0.505543,0.000000
1788153775.369766,1788153775.369540,224,-0.303746,-0.174595,0.068874,1.006672,-0.301692,0.338535,-0.514434,0.000000
1788153775.652396,1788153775.651963,225,-0.304406,-0.175798,0.053352,1.005940,-0.309549,0.350495,-0.512661,0.000000
1788153775.906758,1788153775.906565,226,-0.299222,-0.174232,0.045981,0.998670,-0.313820,0.358894,-0.503372,0.000000
1788153776.117454,1788153776.117221,227,-0.290388,-0.171781,0.054355,0.994107,-0.311133,0.353559,-0.495997,0.000000
1788153776.343359,1788153776.339982,228,-0.285513,-0.169860,0.070326,0.996501,-0.305174,0.338676,-0.497805,0.000000
1788153776.581646,1788153776.581457,229,-0.287505,-0.169457,0.080175,1.002010,-0.301739,0.327658,-0.505639,0.000000
1788153776.832416,1788153776.832129,230,-0.295038,-0.171309,0.074485,1.007272,-0.304189,0.331103,-0.514039,0.000000
1788153777.123998,1788153777.123820,231,-0.299717,-0.175247,0.058989,1.006712,-0.310214,0.344671,-0.512701,0.000000
1788153777.408573,1788153777.408357,232,-0.299687,-0.177845,0.047115,1.004590,-0.314730,0.356550,-0.505340,0.000000
1788153777.664659,1788153777.664470,233,-0.291527,-0.175273,0.046893,1.001382,-0.315178,0.360850,-0.495545,0.000000
1788153777.908720,1788153777.908442,234,-0.284522,-0.173445,0.061069,1.001638,-0.309369,0.350068,-0.489798,0.000000
1788153778.189284,1788153778.188568,235,-0.280957,-0.175476,0.076870,1.006610,-0.302911,0.331572,-0.491474,0.000000
1788153778.431922,1788153778.431747,236,-0.281654,-0.177763,0.085752,1.017989,-0.299017,0.318167,-0.500583,0.000000
1788153778.714890,1788153778.714388,237,-0.286682,-0.179261,0.080772,1.029973,-0.300491,0.320772,-0.509442,0.000000
1788153779.036144,1788153779.035954,238,-0.290127,-0.178611,0.065896,1.033811,-0.306340,0.337558,-0.507632,0.000000
1788153779.283359,1788153779.283031,239,-0.291903,-0.176183,0.051222,1.032233,-0.311765,0.358108,-0.499007,0.000000
1788153779.528303,1788153779.528109,240,-0.287722,-0.173593,0.043777,1.025664,-0.314731,0.372916,-0.484760,0.000000
1788153779.768767,1788153779.768580,241,-0.279664,-0.170411,0.049897,1.020193,-0.312610,0.374134,-0.471419,0.000000
1788153780.045061,1788153780.044730,242,-0.276224,-0.166668,0.065621,1.019487,-0.306688,0.365144,-0.465694,0.000000
1788153780.299238,1788153780.299055,243,-0.282970,-0.167629,0.076724,1.023194,-0.301912,0.355556,-0.468168,0.000000
1788153780.546414,1788153780.545470,244,-0.289132,-0.173763,0.072983,1.029466,-0.302870,0.353658,-0.478776,0.000000
1788153780.824231,1788153780.824060,245,-0.295930,-0.176376,0.060843,1.029939,-0.308469,0.360416,-0.486880,0.000000
1788153781.066595,1788153781.066404,246,-0.302782,-0.177600,0.048673,1.019819,-0.314251,0.368890,-0.486465,0.000000
1788153781.309823,1788153781.309556,247,-0.299574,-0.175629,0.044948,1.007397,-0.316504,0.372575,-0.483750,0.000000
1788153781.551803,1788153781.551457,248,-0.292305,-0.172695,0.056140,1.001164,-0.312655,0.363474,-0.481489,0.000000
1788153781.821176,1788153781.820881,249,-0.286665,-0.172248,0.072541,1.001643,-0.307032,0.345840,-0.481562,0.000000
1788153782.225559,1788153782.225361,250,-0.285135,-0.173834,0.085580,1.008437,-0.302496,0.329204,-0.485986,0.000000
1788153782.443263,1788153782.443079,251,-0.289821,-0.173492,0.093587,1.022010,-0.299869,0.320726,-0.488784,0.000000
1788153782.719113,1788153782.718921,252,-0.295545,-0.170984,0.098358,1.038407,-0.298028,0.323925,-0.483211,0.000000
1788153783.010033,1788153783.009850,253,-0.302233,-0.165642,0.100306,1.058783,-0.296199,0.337441,-0.472493,0.000000
1788153783.257769,1788153783.257453,254,-0.311346,-0.158746,0.099281,1.083699,-0.294227,0.358089,-0.458887,0.000000
1788153783.511353,1788153783.511144,255,-0.324556,-0.152460,0.094425,1.113304,-0.292317,0.383849,-0.443129,0.000000
1788153783.793125,1788153783.792934,256,-0.339943,-0.150364,0.084888,1.144087,-0.290754,0.412015,-0.422937,0.000000
1788153784.073280,1788153784.073104,257,-0.349343,-0.152466,0.076127,1.168058,-0.288545,0.436477,-0.393300,0.000000
1788153784.350517,1788153784.350215,258,-0.349903,-0.158001,0.073791,1.182825,-0.284625,0.451519,-0.354125,0.000000
1788153784.596603,1788153784.595602,259,-0.344655,-0.167777,0.078459,1.193521,-0.279481,0.454107,-0.312444,0.000000
1788153784.839676,1788153784.839470,260,-0.334120,-0.179339,0.086887,1.204249,-0.274600,0.448239,-0.274620,0.000000
1788153785.075402,1788153785.075222,261,-0.325073,-0.189288,0.097787,1.221830,-0.269008,0.439932,-0.243946,0.000000
1788153785.309360,1788153785.308403,262,-0.319304,-0.199999,0.107235,1.242494,-0.263247,0.432997,-0.216172,0.000000
1788153785.579337,1788153785.579164,263,-0.313406,-0.212683,0.113679,1.266389,-0.259175,0.426078,-0.189757,0.000000
1788153785.829456,1788153785.828173,264,-0.304831,-0.222916,0.115939,1.294103,-0.259377,0.419861,-0.167914,0.000000
1788153786.074342,1788153786.074152,265,-0.298509,-0.227642,0.113012,1.315714,-0.262573,0.420615,-0.146891,0.000000
1788153786.314725,1788153786.314312,266,-0.291995,-0.228057,0.111360,1.323741,-0.264450,0.425397,-0.123524,0.000000
1788153786.567395,1788153786.567164,267,-0.285364,-0.225984,0.117033,1.326745,-0.262598,0.427275,-0.104132,0.000000
1788153786.805987,1788153786.804617,268,-0.291041,-0.224629,0.119057,1.333009,-0.260286,0.429381,-0.096168,0.000000
1788153787.044460,1788153787.044281,269,-0.296556,-0.227398,0.112683,1.332846,-0.260299,0.432692,-0.095527,0.000000
1788153787.292598,1788153787.291821,270,-0.292881,-0.229175,0.114333,1.326748,-0.258900,0.429681,-0.092842,0.000000
1788153787.531031,1788153787.530636,271,-0.292968,-0.230878,0.122894,1.327077,-0.255874,0.418794,-0.093185,0.000000
1788153787.807748,1788153787.807346,272,-0.296724,-0.233775,0.120287,1.330555,-0.256535,0.415132,-0.098862,0.000000
1788153788.062027,1788153788.061420,273,-0.301645,-0.229642,0.111634,1.327043,-0.257998,0.425126,-0.101047,0.000000
1788153788.284721,1788153788.284516,274,-0.304404,-0.223799,0.111148,1.315132,-0.255609,0.433566,-0.096153,0.000000
1788153788.541439,1788153788.540608,275,-0.302752,-0.223457,0.119966,1.305841,-0.251940,0.426972,-0.093125,0.000000
1788153788.822395,1788153788.822118,276,-0.305815,-0.225592,0.122546,1.311369,-0.251835,0.418182,-0.101259,0.000000
1788153789.066214,1788153789.065911,277,-0.309255,-0.225190,0.113030,1.313511,-0.255859,0.422696,-0.108614,0.000000
1788153789.350461,1788153789.350246,278,-0.308426,-0.221655,0.109160,1.302718,-0.257035,0.429368,-0.105582,0.000000
1788153789.631625,1788153789.631212,279,-0.308317,-0.219869,0.119034,1.295646,-0.254247,0.422149,-0.103023,0.000000
1788153789.954427,1788153789.954235,280,-0.308106,-0.222483,0.122988,1.298283,-0.254409,0.411843,-0.110220,0.000000
1788153790.205915,1788153790.205687,281,-0.311369,-0.221563,0.116266,1.302780,-0.256884,0.415874,-0.118808,0.000000
1788153790.497124,1788153790.496771,282,-0.314405,-0.217847,0.110175,1.296501,-0.256895,0.428063,-0.116238,0.000000
1788153790.737281,1788153790.737095,283,-0.314892,-0.212318,0.115494,1.288716,-0.253710,0.432161,-0.112382,0.000000
1788153790.990555,1788153790.990337,284,-0.318456,-0.211488,0.120719,1.286839,-0.252858,0.426047,-0.117103,0.000000
1788153791.220140,1788153791.219848,285,-0.321307,-0.210608,0.114761,1.287796,-0.258945,0.421771,-0.133170,0.000000
1788153791.450537,1788153791.450260,286,-0.326693,-0.207037,0.107453,1.284654,-0.266630,0.419362,-0.152414,0.000000
1788153791.707711,1788153791.707515,287,-0.333228,-0.207411,0.102931,1.266652,-0.272298,0.414523,-0.162714,0.000000
1788153791.964221,1788153791.963896,288,-0.332684,-0.208292,0.107434,1.248162,-0.274711,0.400452,-0.173914,0.000000
1788153792.196518,1788153792.196273,289,-0.331430,-0.209267,0.114222,1.245942,-0.275084,0.382307,-0.194766,0.000000
1788153792.441311,1788153792.441109,290,-0.332046,-0.212674,0.109808,1.245734,-0.276698,0.377379,-0.212065,0.000000
1788153792.720569,1788153792.720354,291,-0.328660,-0.215490,0.105278,1.240346,-0.277348,0.379083,-0.216796,0.000000
1788153792.996310,1788153792.996074,292,-0.318563,-0.217386,0.114251,1.245122,-0.274841,0.367363,-0.219467,0.000000
1788153793.279687,1788153793.279330,293,-0.310145,-0.219135,0.120008,1.260431,-0.274806,0.354816,-0.224472,0.000000
1788153793.524338,1788153793.523977,294,-0.307588,-0.218257,0.114587,1.273676,-0.277513,0.357119,-0.226279,0.000000
1788153793.766169,1788153793.765833,295,-0.301874,-0.218604,0.106696,1.271376,-0.279857,0.365021,-0.218285,0.000000
1788153794.061938,1788153794.061515,296,-0.297438,-0.216513,0.110599,1.269287,-0.278746,0.363442,-0.211207,0.000000
1788153794.311442,1788153794.311151,297,-0.299055,-0.215611,0.112478,1.275249,-0.279351,0.357547,-0.216106,0.000000
1788153794.601627,1788153794.601288,298,-0.305243,-0.215625,0.106755,1.276602,-0.283433,0.355082,-0.225407,0.000000
1788153794.883745,1788153794.883345,299,-0.311593,-0.215955,0.102160,1.266685,-0.285838,0.355742,-0.225734,0.000000
1788153795.130846,1788153795.130522,300,-0.308673,-0.214992,0.105980,1.256019,-0.284804,0.351571,-0.225629,0.000000
1788153795.409110,1788153795.408819,301,-0.307827,-0.215225,0.112709,1.260926,-0.282539,0.340900,-0.235633,0.000000
1788153795.652012,1788153795.651722,302,-0.308053,-0.220309,0.107122,1.265804,-0.284707,0.336486,-0.245926,0.000000
1788153795.898340,1788153795.897918,303,-0.301435,-0.221889,0.103556,1.263132,-0.286365,0.337260,-0.245538,0.000000
1788153796.176664,1788153796.176328,304,-0.290046,-0.218812,0.108954,1.269806,-0.284763,0.335397,-0.244944,0.000000
1788153796.420113,1788153796.419750,305,-0.282316,-0.218048,0.110717,1.281126,-0.284160,0.334631,-0.246849,0.000000
1788153796.704417,1788153796.704124,306,-0.282962,-0.216690,0.104467,1.286708,-0.285663,0.342223,-0.245076,0.000000
1788153796.960556,1788153796.959961,307,-0.290915,-0.211504,0.099697,1.281291,-0.286625,0.353113,-0.236438,0.000000
1788153797.209855,1788153797.208821,308,-0.296909,-0.208835,0.104778,1.269966,-0.284913,0.353232,-0.225720,0.000000
1788153797.466658,1788153797.466364,309,-0.297020,-0.210647,0.111149,1.265407,-0.283612,0.343535,-0.225948,0.000000
1788153797.722100,1788153797.721763,310,-0.300886,-0.214142,0.111136,1.273622,-0.284353,0.334765,-0.235715,0.000000
1788153798.011762,1788153798.011450,311,-0.302792,-0.219076,0.103831,1.276608,-0.287795,0.332521,-0.241529,0.000000
1788153798.269868,1788153798.268978,312,-0.294279,-0.222876,0.102896,1.269430,-0.289978,0.327638,-0.239605,0.000000
1788153798.581285,1788153798.581065,313,-0.286213,-0.222059,0.111920,1.269472,-0.288298,0.318451,-0.238873,0.000000
1788153798.818300,1788153798.818002,314,-0.288218,-0.221838,0.113884,1.278066,-0.287094,0.316293,-0.242854,0.000000
1788153799.060814,1788153799.060556,315,-0.291754,-0.221819,0.103161,1.278980,-0.288552,0.328229,-0.243392,0.000000
1788153799.374478,1788153799.374141,316,-0.293999,-0.218210,0.098672,1.270408,-0.287605,0.340727,-0.235384,0.000000
1788153799.626437,1788153799.626181,317,-0.289592,-0.217392,0.107287,1.266080,-0.283296,0.337679,-0.230084,0.000000
1788153799.869437,1788153799.868953,318,-0.284628,-0.219987,0.114978,1.275272,-0.281315,0.325300,-0.236509,0.000000
1788153800.121760,1788153800.121399,319,-0.288642,-0.223657,0.111706,1.286354,-0.284074,0.319437,-0.242922,0.000000
1788153800.379278,1788153800.379047,320,-0.291446,-0.227698,0.101970,1.285576,-0.288030,0.324027,-0.238237,0.000000
1788153800.621309,1788153800.621012,321,-0.285560,-0.226877,0.101680,1.283594,-0.289239,0.325031,-0.232794,0.000000
1788153800.895655,1788153800.895468,322,-0.282643,-0.224789,0.108490,1.289373,-0.289266,0.316408,-0.237002,0.000000
1788153801.182360,1788153801.181979,323,-0.284945,-0.227271,0.104450,1.290867,-0.292596,0.312607,-0.244306,0.000000
1788153801.391562,1788153801.390866,324,-0.285204,-0.226943,0.099927,1.283380,-0.292932,0.320327,-0.240357,0.000000
1788153801.674181,1788153801.673977,325,-0.280212,-0.226579,0.105697,1.281833,-0.288286,0.321738,-0.236437,0.000000
1788153801.949856,1788153801.949538,326,-0.275194,-0.227904,0.112711,1.289591,-0.285526,0.313986,-0.241931,0.000000
1788153802.189690,1788153802.189509,327,-0.278939,-0.229013,0.108983,1.297549,-0.286353,0.315265,-0.247251,0.000000
1788153802.447160,1788153802.446813,328,-0.280091,-0.228269,0.098915,1.294521,-0.288382,0.327803,-0.242759,0.000000
1788153802.741725,1788153802.741363,329,-0.279048,-0.222296,0.100674,1.289846,-0.286393,0.337132,-0.234832,0.000000
1788153803.034056,1788153803.033830,330,-0.281258,-0.220332,0.103601,1.288200,-0.285100,0.336983,-0.235451,0.000000
1788153803.329419,1788153803.329053,331,-0.288842,-0.218776,0.101429,1.287201,-0.286605,0.337419,-0.241276,0.000000
1788153803.575767,1788153803.575573,332,-0.294940,-0.216662,0.097698,1.278930,-0.286794,0.345997,-0.238890,0.000000
1788153803.855773,1788153803.855326,333,-0.294847,-0.217271,0.098942,1.269442,-0.284702,0.348826,-0.234174,0.000000
1788153804.183929,1788153804.183738,334,-0.294483,-0.217486,0.105411,1.274715,-0.283051,0.340410,-0.240553,0.000000
1788153804.459841,1788153804.459625,335,-0.297361,-0.219790,0.103355,1.280597,-0.286070,0.334187,-0.248226,0.000000
1788153804.703232,1788153804.703017,336,-0.300215,-0.221257,0.096618,1.275721,-0.289829,0.337122,-0.246269,0.000000
1788153804.957038,1788153804.956816,337,-0.295409,-0.220570,0.098252,1.270793,-0.290424,0.335739,-0.243588,0.000000
1788153805.183092,1788153805.182848,338,-0.293469,-0.220422,0.103869,1.275293,-0.290277,0.326106,-0.250888,0.000000
1788153805.463379,1788153805.463197,339,-0.297638,-0.221621,0.097669,1.275066,-0.293601,0.326041,-0.257872,0.000000
1788153805.704014,1788153805.703750,340,-0.301321,-0.220204,0.090033,1.265225,-0.295305,0.335497,-0.254309,0.000000
1788153805.961235,1788153805.961049,341,-0.298978,-0.217913,0.092894,1.257366,-0.293321,0.337823,-0.250538,0.000000
1788153806.211921,1788153806.211585,342,-0.296693,-0.218197,0.099877,1.261808,-0.291280,0.328726,-0.258056,0.000000
1788153806.452589,1788153806.452384,343,-0.296548,-0.220297,0.100824,1.267763,-0.292438,0.320620,-0.267787,0.000000
1788153806.698983,1788153806.698697,344,-0.297437,-0.221058,0.093999,1.266154,-0.294139,0.327164,-0.267934,0.000000
1788153806.937452,1788153806.937274,345,-0.296868,-0.218252,0.091873,1.262504,-0.292078,0.339015,-0.259046,0.000000
1788153807.181792,1788153807.180673,346,-0.292066,-0.217584,0.099278,1.262022,-0.287272,0.340630,-0.249288,0.000000
1788153807.421731,1788153807.420927,347,-0.286261,-0.220777,0.107246,1.270513,-0.285091,0.330428,-0.248957,0.000000
1788153807.665476,1788153807.663876,348,-0.289431,-0.224688,0.105628,1.282764,-0.287456,0.324958,-0.250159,0.000000
1788153807.940302,1788153807.940081,349,-0.291539,-0.227575,0.096477,1.284824,-0.291850,0.330940,-0.242713,0.000000
1788153808.223022,1788153808.222521,350,-0.285045,-0.226488,0.096732,1.284602,-0.293719,0.331753,-0.235986,0.000000
1788153808.499773,1788153808.499411,351,-0.280650,-0.225057,0.104441,1.288773,-0.294088,0.321875,-0.239177,0.000000
1788153808.744313,1788153808.744131,352,-0.282924,-0.226326,0.104924,1.291632,-0.296142,0.315195,-0.247085,0.000000
1788153808.994311,1788153808.993923,353,-0.285343,-0.228005,0.097770,1.287122,-0.297511,0.321895,-0.246670,0.000000
1788153809.261875,1788153809.261561,354,-0.284653,-0.225359,0.096222,1.283675,-0.294974,0.331480,-0.242386,0.000000
1788153809.545130,1788153809.544780,355,-0.281483,-0.225151,0.101675,1.282513,-0.290346,0.332554,-0.237994,0.000000
1788153809.819347,1788153809.819055,356,-0.277804,-0.227610,0.106153,1.286650,-0.287000,0.329118,-0.236928,0.000000
1788153810.102485,1788153810.102206,357,-0.282091,-0.226569,0.104000,1.296669,-0.286088,0.334314,-0.237251,0.000000
1788153810.387470,1788153810.387143,358,-0.285878,-0.223919,0.097357,1.296662,-0.285778,0.350004,-0.227635,0.000000
1788153810.630719,1788153810.630392,359,-0.283400,-0.218804,0.100331,1.292418,-0.282353,0.361502,-0.215187,0.000000
1788153810.874693,1788153810.874452,360,-0.286447,-0.217035,0.105551,1.293671,-0.279911,0.361638,-0.212952,0.000000
1788153811.152005,1788153811.151605,361,-0.291950,-0.214978,0.099746,1.291362,-0.281737,0.369583,-0.215395,0.000000
1788153811.395166,1788153811.394761,362,-0.300800,-0.213042,0.098514,1.284351,-0.280215,0.377842,-0.210787,0.000000
1788153811.652018,1788153811.651667,363,-0.305124,-0.217759,0.102452,1.274487,-0.277983,0.374498,-0.202831,0.000000
1788153811.900714,1788153811.900446,364,-0.302211,-0.220439,0.108742,1.274173,-0.277259,0.364995,-0.204022,0.000000
1788153812.162550,1788153812.162349,365,-0.303092,-0.219655,0.108867,1.284107,-0.278083,0.363387,-0.210979,0.000000
1788153812.421654,1788153812.421183,366,-0.305976,-0.218971,0.101629,1.286507,-0.279671,0.374153,-0.209287,0.000000
1788153812.705976,1788153812.705777,367,-0.301508,-0.217679,0.102534,1.279707,-0.279952,0.377714,-0.203216,0.000000
1788153812.981713,1788153812.981365,368,-0.299481,-0.216270,0.110872,1.279592,-0.279632,0.369076,-0.206099,0.000000
1788153813.223221,1788153813.222923,369,-0.303587,-0.219617,0.108680,1.281897,-0.282140,0.364505,-0.213421,0.000000
1788153813.464051,1788153813.463864,370,-0.302971,-0.221143,0.104304,1.275906,-0.283443,0.369486,-0.210717,0.000000
1788153813.782599,1788153813.782416,371,-0.297241,-0.221747,0.111728,1.276659,-0.280287,0.365131,-0.207937,0.000000
