# t,q1,q2,q3,q4,q5,q6,q7
1.788378974258978128e+09,3.706156462430953979e-02,4.001583158969879150e-01,6.011964678764343262e-01,9.639767408370971680e-01,2.890890091657638550e-02,7.053263783454895020e-01,4.216687977313995361e-01
1.788378974265453815e+09,3.440671414136886597e-02,3.970333039760589600e-01,6.000866889953613281e-01,9.630004763603210449e-01,2.738576382398605347e-02,7.033283710479736328e-01,4.227446019649505615e-01
1.788378974316517830e+09,3.047567419707775116e-02,3.918249607086181641e-01,5.977998971939086914e-01,9.614111185073852539e-01,2.474625408649444580e-02,7.000700831413269043e-01,4.244742989540100098e-01
1.788378974368476629e+09,2.587035112082958221e-02,3.845332860946655273e-01,5.939624309539794922e-01,9.594126939773559570e-01,2.089860662817955017e-02,6.956152915954589844e-01,4.268885552883148193e-01
1.788378974419873476e+09,2.141511812806129456e-02,3.751582801342010498e-01,5.880652070045471191e-01,9.573606848716735840e-01,1.568820141255855560e-02,6.899954080581665039e-01,4.301031827926635742e-01
1.788378974468532801e+09,1.825892925262451172e-02,3.638962507247924805e-01,5.795955657958984375e-01,9.556627273559570312e-01,9.005078114569187164e-03,6.833142638206481934e-01,4.341644942760467529e-01
1.788378974516566992e+09,1.711729168891906738e-02,3.514498770236968994e-01,5.687804818153381348e-01,9.545243978500366211e-01,1.125514158047735691e-03,6.759247183799743652e-01,4.388486444950103760e-01
1.788378974569117546e+09,1.805898547172546387e-02,3.386185169219970703e-01,5.563215613365173340e-01,9.540110230445861816e-01,-7.498421706259250641e-03,6.682295203208923340e-01,4.438839852809906006e-01
1.788378974616648436e+09,2.108401246368885040e-02,3.258110582828521729e-01,5.425954461097717285e-01,9.540826082229614258e-01,-1.664029993116855621e-02,6.604381203651428223e-01,4.490990936756134033e-01
1.788378974666650057e+09,2.619237266480922699e-02,3.132428824901580811e-01,5.278060436248779297e-01,9.545485973358154297e-01,-2.618479914963245392e-02,6.526632905006408691e-01,4.543127715587615967e-01
1.788378974716770649e+09,3.338406607508659363e-02,3.010712862014770508e-01,5.120579004287719727e-01,9.551483392715454102e-01,-3.609019145369529724e-02,6.449854969978332520e-01,4.593663513660430908e-01
1.788378974766742229e+09,4.265909269452095032e-02,2.894341051578521729e-01,4.953789412975311279e-01,9.554850459098815918e-01,-4.637398198246955872e-02,6.374773383140563965e-01,4.640728533267974854e-01
1.788378974816765547e+09,5.401745438575744629e-02,2.785221338272094727e-01,4.778273105621337891e-01,9.550548195838928223e-01,-5.704375356435775757e-02,6.302343010902404785e-01,4.681946933269500732e-01
1.788378974867018700e+09,6.735435128211975098e-02,2.686007618904113770e-01,4.595403373241424561e-01,9.535132050514221191e-01,-6.808076053857803345e-02,6.234063506126403809e-01,4.715861380100250244e-01
1.788378974917848349e+09,8.231579512357711792e-02,2.598709762096405029e-01,4.408418238162994385e-01,9.508044719696044922e-01,-7.940813899040222168e-02,6.170169115066528320e-01,4.742940366268157959e-01
1.788378974967154026e+09,9.843809902667999268e-02,2.523906528949737549e-01,4.222395122051239014e-01,9.469124078750610352e-01,-9.091374278068542480e-02,6.107527613639831543e-01,4.764046370983123779e-01
1.788378975017813683e+09,1.153043061494827271e-01,2.461770027875900269e-01,4.042688012123107910e-01,9.418152570724487305e-01,-1.024863868951797485e-01,6.041638851165771484e-01,4.779775440692901611e-01
1.788378975067128897e+09,1.321606785058975220e-01,2.412888705730438232e-01,3.874524533748626709e-01,9.354867935180664062e-01,-1.140598505735397339e-01,5.968576073646545410e-01,4.792100489139556885e-01
1.788378975117587090e+09,1.478958874940872192e-01,2.378316968679428101e-01,3.723207116127014160e-01,9.279203414916992188e-01,-1.255949139595031738e-01,5.884901285171508789e-01,4.804365038871765137e-01
1.788378975166843653e+09,1.617488265037536621e-01,2.358176410198211670e-01,3.592383563518524170e-01,9.192123413085937500e-01,-1.370121985673904419e-01,5.788183808326721191e-01,4.818796813488006592e-01
1.788378975217812061e+09,1.735184341669082642e-01,2.350861579179763794e-01,3.482547104358673096e-01,9.095711112022399902e-01,-1.482247859239578247e-01,5.677773952484130859e-01,4.836114346981048584e-01
1.788378975267885923e+09,1.832046955823898315e-01,2.353623658418655396e-01,3.391352593898773193e-01,8.992794752120971680e-01,-1.591830104589462280e-01,5.555357336997985840e-01,4.856942892074584961e-01
1.788378975318032503e+09,1.908076256513595581e-01,2.363864034414291382e-01,3.316221535205841064e-01,8.885837793350219727e-01,-1.698543578386306763e-01,5.423203110694885254e-01,4.881935119628906250e-01
1.788378975368116140e+09,1.963272243738174438e-01,2.380596846342086792e-01,3.257859945297241211e-01,8.775550127029418945e-01,-1.801511049270629883e-01,5.280475020408630371e-01,4.910993576049804688e-01
1.788378975423155785e+09,1.998190432786941528e-01,2.404723316431045532e-01,3.219801485538482666e-01,8.661032319068908691e-01,-1.899082660675048828e-01,5.124257802963256836e-01,4.944157600402832031e-01
1.788378975473736763e+09,2.019577324390411377e-01,2.434989362955093384e-01,3.202317655086517334e-01,8.542175889015197754e-01,-1.990057975053787231e-01,4.953090548515319824e-01,4.979783892631530762e-01
1.788378975524593592e+09,2.029708325862884521e-01,2.469110786914825439e-01,3.201439380645751953e-01,8.420732021331787109e-01,-2.074476182460784912e-01,4.770532548427581787e-01,5.019056797027587891e-01
1.788378975570531368e+09,2.022110074758529663e-01,2.506205737590789795e-01,3.212811350822448730e-01,8.298970460891723633e-01,-2.152628898620605469e-01,4.583288729190826416e-01,5.067449212074279785e-01
1.788378975618517876e+09,2.003124654293060303e-01,2.543475925922393799e-01,3.229994475841522217e-01,8.178656697273254395e-01,-2.225345671176910400e-01,4.397089481353759766e-01,5.125768780708312988e-01
1.788378975668951511e+09,1.981565207242965698e-01,2.578010261058807373e-01,3.246309459209442139e-01,8.061462640762329102e-01,-2.293868064880371094e-01,4.217731356620788574e-01,5.193874239921569824e-01
1.788378975718949556e+09,1.956117451190948486e-01,2.608654797077178955e-01,3.257605135440826416e-01,7.949275374412536621e-01,-2.359039634466171265e-01,4.050943851470947266e-01,5.274467468261718750e-01
1.788378975768893480e+09,1.933173090219497681e-01,2.633547484874725342e-01,3.262418508529663086e-01,7.842852473258972168e-01,-2.421106100082397461e-01,3.896117508411407471e-01,5.365317463874816895e-01
1.788378975818546534e+09,1.924172490835189819e-01,2.650888860225677490e-01,3.258902132511138916e-01,7.742651104927062988e-01,-2.480610758066177368e-01,3.752163648605346680e-01,5.461483597755432129e-01
1.788378975869011402e+09,1.926551163196563721e-01,2.661089301109313965e-01,3.246322870254516602e-01,7.649000883102416992e-01,-2.538193166255950928e-01,3.620825409889221191e-01,5.563977956771850586e-01
1.788378975919192791e+09,1.931421160697937012e-01,2.665672898292541504e-01,3.225363790988922119e-01,7.561705112457275391e-01,-2.594251334667205811e-01,3.503609895706176758e-01,5.676009654998779297e-01
1.788378975969261408e+09,1.932787448167800903e-01,2.666599750518798828e-01,3.195163011550903320e-01,7.480721473693847656e-01,-2.649594843387603760e-01,3.403962254524230957e-01,5.799326896667480469e-01
1.788378976019734621e+09,1.930303573608398438e-01,2.665891051292419434e-01,3.157115280628204346e-01,7.405042648315429688e-01,-2.704005241394042969e-01,3.319748342037200928e-01,5.932689905166625977e-01
1.788378976069512129e+09,1.925360560417175293e-01,2.665255367755889893e-01,3.112377226352691650e-01,7.333763241767883301e-01,-2.757373750209808350e-01,3.248851597309112549e-01,6.074221134185791016e-01
1.788378976119849205e+09,1.923339068889617920e-01,2.664798796176910400e-01,3.061996698379516602e-01,7.266334295272827148e-01,-2.809718549251556396e-01,3.188798725605010986e-01,6.220260858535766602e-01
1.788378976169675350e+09,1.936584413051605225e-01,2.663291990756988525e-01,3.008601665496826172e-01,7.201834321022033691e-01,-2.860182523727416992e-01,3.132860064506530762e-01,6.363266110420227051e-01
1.788378976219791651e+09,1.969463378190994263e-01,2.660358250141143799e-01,2.955518662929534912e-01,7.138993144035339355e-01,-2.907644212245941162e-01,3.075786232948303223e-01,6.498585939407348633e-01
1.788378976269791126e+09,2.015496045351028442e-01,2.657268643379211426e-01,2.904230356216430664e-01,7.076302170753479004e-01,-2.952042520046234131e-01,3.017481863498687744e-01,6.627569198608398438e-01
1.788378976320447445e+09,2.073543667793273926e-01,2.654362618923187256e-01,2.855134010314941406e-01,7.012870311737060547e-01,-2.993534803390502930e-01,2.958092689514160156e-01,6.749132275581359863e-01
1.788378976370715141e+09,2.139778137207031250e-01,2.652209103107452393e-01,2.808755338191986084e-01,6.947380900382995605e-01,-3.032294213771820068e-01,2.897875308990478516e-01,6.863485574722290039e-01
1.788378976421466112e+09,2.203676700592041016e-01,2.652172744274139404e-01,2.766862213611602783e-01,6.877745985984802246e-01,-3.068061172962188721e-01,2.836730480194091797e-01,6.973890066146850586e-01
1.788378976473140240e+09,2.255677431821823120e-01,2.653135955333709717e-01,2.732839584350585938e-01,6.801911592483520508e-01,-3.098390996456146240e-01,2.775154113769531250e-01,7.083371877670288086e-01
1.788378976522890568e+09,2.297188192605972290e-01,2.652227878570556641e-01,2.708323597908020020e-01,6.719369888305664062e-01,-3.120898604393005371e-01,2.714241445064544678e-01,7.191306948661804199e-01
1.788378976572709560e+09,2.330002188682556152e-01,2.648359537124633789e-01,2.694918811321258545e-01,6.629601716995239258e-01,-3.132430315017700195e-01,2.654969990253448486e-01,7.297071218490600586e-01
1.788378976620790720e+09,2.348104864358901978e-01,2.642851769924163818e-01,2.694197893142700195e-01,6.532546281814575195e-01,-3.131542503833770752e-01,2.597161233425140381e-01,7.403370141983032227e-01
1.788378976670624256e+09,2.348919361829757690e-01,2.636454403400421143e-01,2.704904973506927490e-01,6.430174112319946289e-01,-3.119642138481140137e-01,2.541133761405944824e-01,7.512484788894653320e-01
1.788378976720543861e+09,2.330053746700286865e-01,2.628522515296936035e-01,2.727301716804504395e-01,6.323809623718261719e-01,-3.095604479312896729e-01,2.488666772842407227e-01,7.626863121986389160e-01
1.788378976770576715e+09,2.291507869958877563e-01,2.618075609207153320e-01,2.762166261672973633e-01,6.214698553085327148e-01,-3.058141171932220459e-01,2.440375238656997681e-01,7.747330069541931152e-01
1.788378976820597172e+09,2.241864800453186035e-01,2.603229880332946777e-01,2.808774411678314209e-01,6.104810237884521484e-01,-3.006699979305267334e-01,2.396510839462280273e-01,7.872075438499450684e-01
1.788378976870803595e+09,2.200981229543685913e-01,2.581452727317810059e-01,2.865980565547943115e-01,5.995322465896606445e-01,-2.941707968711853027e-01,2.353812754154205322e-01,7.992095947265625000e-01
1.788378976921098471e+09,2.174568921327590942e-01,2.552287876605987549e-01,2.931717932224273682e-01,5.885154604911804199e-01,-2.864874601364135742e-01,2.313059121370315552e-01,8.101892471313476562e-01
1.788378976970712662e+09,2.150081396102905273e-01,2.516974508762359619e-01,3.006521761417388916e-01,5.771903991699218750e-01,-2.776121497154235840e-01,2.277381569147109985e-01,8.203586935997009277e-01
1.788378977021311283e+09,2.112892270088195801e-01,2.478900104761123657e-01,3.087499737739562988e-01,5.656040906906127930e-01,-2.678728699684143066e-01,2.251774072647094727e-01,8.303329348564147949e-01
1.788378977071013451e+09,2.055691480636596680e-01,2.441089302301406860e-01,3.170050978660583496e-01,5.540962815284729004e-01,-2.576965689659118652e-01,2.240915447473526001e-01,8.408225774765014648e-01
1.788378977122472286e+09,1.990476399660110474e-01,2.402464151382446289e-01,3.249345719814300537e-01,5.431360602378845215e-01,-2.472590357065200806e-01,2.250584810972213745e-01,8.519555330276489258e-01
1.788378977171248913e+09,1.921636611223220825e-01,2.365569472312927246e-01,3.319168090820312500e-01,5.331170558929443359e-01,-2.371129393577575684e-01,2.282226681709289551e-01,8.639151453971862793e-01
1.788378977221556664e+09,1.856078356504440308e-01,2.333024591207504272e-01,3.378547132015228271e-01,5.242836475372314453e-01,-2.275657355785369873e-01,2.328061461448669434e-01,8.766243457794189453e-01
1.788378977271595955e+09,1.801241487264633179e-01,2.305174171924591064e-01,3.430353701114654541e-01,5.167691111564636230e-01,-2.185469418764114380e-01,2.380006015300750732e-01,8.900069594383239746e-01
1.788378977321800232e+09,1.758233904838562012e-01,2.280873358249664307e-01,3.478018045425415039e-01,5.103622078895568848e-01,-2.098837792873382568e-01,2.432095855474472046e-01,9.038223624229431152e-01
1.788378977372459173e+09,1.736059635877609253e-01,2.257996797561645508e-01,3.521582484245300293e-01,5.047519803047180176e-01,-2.015960365533828735e-01,2.480608224868774414e-01,9.172597527503967285e-01
1.788378977426357508e+09,1.734718680381774902e-01,2.236387729644775391e-01,3.558928668498992920e-01,4.997426569461822510e-01,-1.938948333263397217e-01,2.526123225688934326e-01,9.299685955047607422e-01
1.788378977476730347e+09,1.754211038351058960e-01,2.215062081813812256e-01,3.590542972087860107e-01,4.953124523162841797e-01,-1.866159737110137939e-01,2.571953833103179932e-01,9.419109821319580078e-01
1.788378977528220654e+09,1.794536709785461426e-01,2.194656133651733398e-01,3.616913259029388428e-01,4.916245639324188232e-01,-1.796630769968032837e-01,2.620272636413574219e-01,9.532227516174316406e-01
1.788378977572788239e+09,1.855695843696594238e-01,2.176629453897476196e-01,3.637506067752838135e-01,4.888134598731994629e-01,-1.731367260217666626e-01,2.670780718326568604e-01,9.639176130294799805e-01
1.788378977623087406e+09,1.937688291072845459e-01,2.162756770849227905e-01,3.651569485664367676e-01,4.869879484176635742e-01,-1.672023832798004150e-01,2.722057998180389404e-01,9.739274978637695312e-01
1.788378977672495842e+09,2.040514051914215088e-01,2.154441028833389282e-01,3.656681180000305176e-01,4.860532283782958984e-01,-1.621797382831573486e-01,2.773142755031585693e-01,9.829098582267761230e-01
1.788378977723879337e+09,2.162612825632095337e-01,2.157433927059173584e-01,3.644949495792388916e-01,4.857453703880310059e-01,-1.591143608093261719e-01,2.822507619857788086e-01,9.898898005485534668e-01
1.788378977773041964e+09,2.303984612226486206e-01,2.175169438123703003e-01,3.611093461513519287e-01,4.858599603176116943e-01,-1.587201356887817383e-01,2.868606150150299072e-01,9.940034747123718262e-01
1.788378977823200941e+09,2.466189712285995483e-01,2.204092890024185181e-01,3.558183908462524414e-01,4.861628115177154541e-01,-1.606196165084838867e-01,2.909902930259704590e-01,9.951400756835937500e-01
1.788378977873491287e+09,2.639438509941101074e-01,2.246703207492828369e-01,3.486764729022979736e-01,4.860763847827911377e-01,-1.649194061756134033e-01,2.945318222045898438e-01,9.929783344268798828e-01
1.788378977923438787e+09,2.814202010631561279e-01,2.299612909555435181e-01,3.393189609050750732e-01,4.854400157928466797e-01,-1.719969809055328369e-01,2.974715232849121094e-01,9.872491955757141113e-01
1.788378977973397970e+09,2.979436218738555908e-01,2.359263002872467041e-01,3.280167877674102783e-01,4.842888712882995605e-01,-1.815500855445861816e-01,2.998889684677124023e-01,9.784570932388305664e-01
1.788378978023894310e+09,3.126360177993774414e-01,2.434137016534805298e-01,3.153676688671112061e-01,4.829125106334686279e-01,-1.932027339935302734e-01,3.019378185272216797e-01,9.671634435653686523e-01
1.788378978073823452e+09,3.254973888397216797e-01,2.527112364768981934e-01,3.019439280033111572e-01,4.819318056106567383e-01,-2.063175886869430542e-01,3.040170967578887939e-01,9.542002677917480469e-01
1.788378978123574972e+09,3.362754285335540771e-01,2.634602189064025879e-01,2.884914875030517578e-01,4.815454781055450439e-01,-2.198816090822219849e-01,3.067294657230377197e-01,9.406374096870422363e-01
1.788378978173331976e+09,3.453740477561950684e-01,2.756124734878540039e-01,2.753800451755523682e-01,4.823483824729919434e-01,-2.333546876907348633e-01,3.104883432388305664e-01,9.270924925804138184e-01
1.788378978224057913e+09,3.540967404842376709e-01,2.889924347400665283e-01,2.628282904624938965e-01,4.847980141639709473e-01,-2.463199496269226074e-01,3.155642151832580566e-01,9.136456251144409180e-01
1.788378978274253607e+09,3.623810410499572754e-01,3.031804561614990234e-01,2.510467171669006348e-01,4.884880781173706055e-01,-2.584200501441955566e-01,3.221226036548614502e-01,9.004102945327758789e-01
1.788378978325319767e+09,3.689233958721160889e-01,3.177579045295715332e-01,2.399024069309234619e-01,4.923536181449890137e-01,-2.698119878768920898e-01,3.299519717693328857e-01,8.873108029365539551e-01
1.788378978374724150e+09,3.733824193477630615e-01,3.322807550430297852e-01,2.290849834680557251e-01,4.955386519432067871e-01,-2.808197140693664551e-01,3.386247456073760986e-01,8.740357756614685059e-01
1.788378978432569742e+09,3.757581114768981934e-01,3.463557958602905273e-01,2.184962928295135498e-01,4.976341426372528076e-01,-2.914774715900421143e-01,3.479807376861572266e-01,8.604952096939086914e-01
1.788378978478600264e+09,3.760504722595214844e-01,3.596176207065582275e-01,2.081861793994903564e-01,4.983631074428558350e-01,-3.016359806060791016e-01,3.580278754234313965e-01,8.467093706130981445e-01
1.788378978528866291e+09,3.742594718933105469e-01,3.718971908092498779e-01,1.981933861970901489e-01,4.976221323013305664e-01,-3.112215101718902588e-01,3.686786592006683350e-01,8.328068852424621582e-01
1.788378978575937510e+09,3.703851401805877686e-01,3.828241527080535889e-01,1.885743141174316406e-01,4.952921569347381592e-01,-3.200856745243072510e-01,3.799362182617187500e-01,8.187306523323059082e-01
1.788378978626674652e+09,3.644274771213531494e-01,3.921042680740356445e-01,1.794239729642868042e-01,4.913648664951324463e-01,-3.280592858791351318e-01,3.917765915393829346e-01,8.045454621315002441e-01
1.788378978677197456e+09,3.564847707748413086e-01,3.995188176631927490e-01,1.708492487668991089e-01,4.858173727989196777e-01,-3.349887132644653320e-01,4.040938615798950195e-01,7.904386520385742188e-01
1.788378978725436449e+09,3.467122614383697510e-01,4.048500359058380127e-01,1.629689782857894897e-01,4.786472022533416748e-01,-3.407098352909088135e-01,4.167776405811309814e-01,7.765855193138122559e-01
1.788378978776784182e+09,3.357511162757873535e-01,4.080979228019714355e-01,1.558934599161148071e-01,4.701550304889678955e-01,-3.450998961925506592e-01,4.297287166118621826e-01,7.631656527519226074e-01
1.788378978825222492e+09,3.245242834091186523e-01,4.092624485492706299e-01,1.497791409492492676e-01,4.607356190681457520e-01,-3.479759693145751953e-01,4.428848922252655029e-01,7.503462433815002441e-01
1.788378978875244856e+09,3.138890266418457031e-01,4.083436429500579834e-01,1.448118537664413452e-01,4.507657587528228760e-01,-3.491486012935638428e-01,4.561212062835693359e-01,7.383254766464233398e-01
1.788378978925628424e+09,3.047375679016113281e-01,4.053415060043334961e-01,1.412685811519622803e-01,4.405979514122009277e-01,-3.483283519744873047e-01,4.692247211933135986e-01,7.273433208465576172e-01
1.788378978975495338e+09,2.974766790866851807e-01,4.003090560436248779e-01,1.396621912717819214e-01,4.305065274238586426e-01,-3.450140357017517090e-01,4.819264411926269531e-01,7.179701924324035645e-01
1.788378979094645023e+09,2.922193706035614014e-01,3.935088515281677246e-01,1.403397470712661743e-01,4.207371771335601807e-01,-3.389780223369598389e-01,4.939312040805816650e-01,7.106001973152160645e-01
1.788378979101082802e+09,2.888169884681701660e-01,3.853651285171508789e-01,1.434453278779983521e-01,4.114752113819122314e-01,-3.302203118801116943e-01,5.049697160720825195e-01,7.054619193077087402e-01
1.788378979151747465e+09,2.872695922851562500e-01,3.760644197463989258e-01,1.487692594528198242e-01,4.029483795166015625e-01,-3.190386891365051270e-01,5.148366093635559082e-01,7.025204300880432129e-01
1.788378979202125549e+09,2.878055274486541748e-01,3.658819794654846191e-01,1.557409167289733887e-01,3.953253030776977539e-01,-3.061335980892181396e-01,5.234553217887878418e-01,7.011957764625549316e-01
1.788378979252753496e+09,2.904247939586639404e-01,3.550836741924285889e-01,1.638665199279785156e-01,3.886633813381195068e-01,-2.920966744422912598e-01,5.308478474617004395e-01,7.010232210159301758e-01
1.788378979303582191e+09,2.951273918151855469e-01,3.438982665538787842e-01,1.729099452495574951e-01,3.831720352172851562e-01,-2.772153317928314209e-01,5.370107293128967285e-01,7.020176649093627930e-01
1.788378979353646755e+09,3.019133210182189941e-01,3.328849971294403076e-01,1.827630549669265747e-01,3.790595531463623047e-01,-2.617033123970031738e-01,5.419928431510925293e-01,7.042333483695983887e-01
1.788378979406484365e+09,3.107825815677642822e-01,3.226502239704132080e-01,1.932182163000106812e-01,3.765471875667572021e-01,-2.458820641040802002e-01,5.458517074584960938e-01,7.076799273490905762e-01
1.788378979459521055e+09,3.217351734638214111e-01,3.133948445320129395e-01,2.039553970098495483e-01,3.757456839084625244e-01,-2.301586270332336426e-01,5.484525561332702637e-01,7.122906446456909180e-01
1.788378979507393599e+09,3.343553543090820312e-01,3.056146204471588135e-01,2.146723866462707520e-01,3.766727745532989502e-01,-2.150339931249618530e-01,5.495741963386535645e-01,7.180230617523193359e-01
1.788378979556827068e+09,3.482420742511749268e-01,2.999177277088165283e-01,2.251323163509368896e-01,3.791989386081695557e-01,-2.009813934564590454e-01,5.490233302116394043e-01,7.246801257133483887e-01
1.788378979603901625e+09,3.624072372913360596e-01,2.963041663169860840e-01,2.349397540092468262e-01,3.825811445713043213e-01,-1.885447949171066284e-01,5.464776754379272461e-01,7.317842245101928711e-01
1.788378979655268192e+09,3.751685917377471924e-01,2.945581376552581787e-01,2.437494695186614990e-01,3.860803842544555664e-01,-1.780270785093307495e-01,5.421054363250732422e-01,7.392591834068298340e-01
1.788378979703867912e+09,3.858466148376464844e-01,2.941280603408813477e-01,2.516448497772216797e-01,3.893153071403503418e-01,-1.691098958253860474e-01,5.364635586738586426e-01,7.470829486846923828e-01
1.788378979754584551e+09,3.944413065910339355e-01,2.945998013019561768e-01,2.588513195514678955e-01,3.921736478805541992e-01,-1.613966971635818481e-01,5.299038290977478027e-01,7.552174329757690430e-01
1.788378979804449558e+09,4.009526669979095459e-01,2.959071099758148193e-01,2.652829587459564209e-01,3.946392238140106201e-01,-1.549720466136932373e-01,5.223938226699829102e-01,7.635569572448730469e-01
1.788378979854862452e+09,4.053806960582733154e-01,2.981689274311065674e-01,2.704713642597198486e-01,3.966231346130371094e-01,-1.504349708557128906e-01,5.135243535041809082e-01,7.717037796974182129e-01
1.788378979904673815e+09,4.077253937721252441e-01,3.013838827610015869e-01,2.742900252342224121e-01,3.981396555900573730e-01,-1.479165107011795044e-01,5.032757520675659180e-01,7.794995307922363281e-01
1.788378979954202890e+09,4.079867601394653320e-01,3.055107295513153076e-01,2.767951190471649170e-01,3.993744254112243652e-01,-1.472845226526260376e-01,4.919076263904571533e-01,7.870256304740905762e-01
1.788378980004859447e+09,4.061647951602935791e-01,3.106619715690612793e-01,2.776408195495605469e-01,4.007186591625213623e-01,-1.488154530525207520e-01,4.797459542751312256e-01,7.943844199180603027e-01
1.788378980054709196e+09,4.022594690322875977e-01,3.166049122810363770e-01,2.768913209438323975e-01,4.020861685276031494e-01,-1.523065865039825439e-01,4.672048985958099365e-01,8.015659451484680176e-01
1.788378980104629517e+09,3.962708115577697754e-01,3.230124115943908691e-01,2.749532163143157959e-01,4.031255841255187988e-01,-1.572341918945312500e-01,4.546002745628356934e-01,8.085134625434875488e-01
1.788378980154830694e+09,3.881988227367401123e-01,3.299014270305633545e-01,2.718656957149505615e-01,4.040037989616394043e-01,-1.634881347417831421e-01,4.422630369663238525e-01,8.153805136680603027e-01
1.788378980205931187e+09,3.783113956451416016e-01,3.372351229190826416e-01,2.667511701583862305e-01,4.053161740303039551e-01,-1.717993021011352539e-01,4.307343661785125732e-01,8.222058415412902832e-01
1.788378980255563021e+09,3.666085004806518555e-01,3.448610305786132812e-01,2.593633532524108887e-01,4.073434770107269287e-01,-1.822883188724517822e-01,4.204212725162506104e-01,8.293309807777404785e-01
1.788378980305362225e+09,3.528222441673278809e-01,3.524844944477081299e-01,2.505131065845489502e-01,4.097037911415100098e-01,-1.941090077161788940e-01,4.112697243690490723e-01,8.372069597244262695e-01
1.788378980355581045e+09,3.369526565074920654e-01,3.595481216907501221e-01,2.406000643968582153e-01,4.119175374507904053e-01,-2.067783623933792114e-01,4.031539261341094971e-01,8.459154963493347168e-01
1.788378980408225060e+09,3.198817670345306396e-01,3.653238415718078613e-01,2.297562062740325928e-01,4.139266610145568848e-01,-2.199877798557281494e-01,3.959937989711761475e-01,8.554922938346862793e-01
1.788378980459577084e+09,3.032740056514739990e-01,3.693413138389587402e-01,2.182210981845855713e-01,4.160943031311035156e-01,-2.333476990461349487e-01,3.896107971668243408e-01,8.659319877624511719e-01
1.788378980508535862e+09,2.882359921932220459e-01,3.716768026351928711e-01,2.064585685729980469e-01,4.187789261341094971e-01,-2.463924586772918701e-01,3.837632536888122559e-01,8.773158788681030273e-01
1.788378980561176777e+09,2.751866281032562256e-01,3.727340400218963623e-01,1.949140578508377075e-01,4.219733476638793945e-01,-2.588022351264953613e-01,3.782038986682891846e-01,8.893067836761474609e-01
1.788378980606564760e+09,2.642205953598022461e-01,3.728654980659484863e-01,1.838003545999526978e-01,4.254544377326965332e-01,-2.704773545265197754e-01,3.728498220443725586e-01,9.013080596923828125e-01
1.788378980658029795e+09,2.553378939628601074e-01,3.722392916679382324e-01,1.730976998805999756e-01,4.291412234306335449e-01,-2.814437448978424072e-01,3.678161501884460449e-01,9.130666851997375488e-01
1.788378980707795858e+09,2.485385090112686157e-01,3.709808588027954102e-01,1.628184765577316284e-01,4.329860508441925049e-01,-2.917088568210601807e-01,3.631187975406646729e-01,9.244102835655212402e-01
1.788378980756527185e+09,2.438224554061889648e-01,3.691370785236358643e-01,1.530547589063644409e-01,4.369205236434936523e-01,-3.012063801288604736e-01,3.587540984153747559e-01,9.352095127105712891e-01
1.788378980806297302e+09,2.411897331476211548e-01,3.667367994785308838e-01,1.438950151205062866e-01,4.408796727657318115e-01,-3.098596036434173584e-01,3.547542691230773926e-01,9.453715085983276367e-01
1.788378980856220722e+09,2.406403422355651855e-01,3.638546466827392578e-01,1.354517638683319092e-01,4.448793828487396240e-01,-3.175706863403320312e-01,3.511614799499511719e-01,9.549070000648498535e-01
1.788378980906676292e+09,2.421742826700210571e-01,3.606148660182952881e-01,1.278498023748397827e-01,4.490084052085876465e-01,-3.242372870445251465e-01,3.480150699615478516e-01,9.639067649841308594e-01
1.788378980956537485e+09,2.457915544509887695e-01,3.571238517761230469e-01,1.213345527648925781e-01,4.532606005668640137e-01,-3.296557068824768066e-01,3.452759385108947754e-01,9.724104404449462891e-01
1.788378981006993294e+09,2.514921724796295166e-01,3.533776104450225830e-01,1.161327064037322998e-01,4.574472606182098389e-01,-3.336324989795684814e-01,3.428797721862792969e-01,9.802666902542114258e-01
1.788378981057147980e+09,2.592761218547821045e-01,3.494020104408264160e-01,1.125182881951332092e-01,4.613186419010162354e-01,-3.359274566173553467e-01,3.408280014991760254e-01,9.872501492500305176e-01
1.788378981106899738e+09,2.691434025764465332e-01,3.452863991260528564e-01,1.106403768062591553e-01,4.647648930549621582e-01,-3.364259600639343262e-01,3.391596376895904541e-01,9.931917786598205566e-01
1.788378981156959057e+09,2.810940146446228027e-01,3.410094380378723145e-01,1.108016669750213623e-01,4.673021733760833740e-01,-3.348705172538757324e-01,3.379029035568237305e-01,9.975498914718627930e-01
1.788378981207061291e+09,2.946391701698303223e-01,3.365236818790435791e-01,1.135590597987174988e-01,4.679754972457885742e-01,-3.307864069938659668e-01,3.368934392929077148e-01,9.997451305389404297e-01
1.788378981257626772e+09,3.082617521286010742e-01,3.320203721523284912e-01,1.190942302346229553e-01,4.661167860031127930e-01,-3.241639435291290283e-01,3.357408046722412109e-01,9.996091723442077637e-01
1.788378981309829473e+09,3.213195800781250000e-01,3.276925981044769287e-01,1.270049363374710083e-01,4.618829190731048584e-01,-3.155623078346252441e-01,3.339916765689849854e-01,9.970901012420654297e-01
1.788378981357709169e+09,3.344408571720123291e-01,3.235856890678405762e-01,1.363878995180130005e-01,4.559748172760009766e-01,-3.059394657611846924e-01,3.312486410140991211e-01,9.921917915344238281e-01
1.788378981407878160e+09,3.470329940319061279e-01,3.199339210987091064e-01,1.464312076568603516e-01,4.486338496208190918e-01,-2.961665093898773193e-01,3.273931443691253662e-01,9.851680397987365723e-01
1.788378981459777355e+09,3.579015433788299561e-01,3.168970644474029541e-01,1.566833704710006714e-01,4.399216175079345703e-01,-2.866908311843872070e-01,3.225356340408325195e-01,9.766612648963928223e-01
1.788378981512024403e+09,3.666867613792419434e-01,3.144106864929199219e-01,1.668694764375686646e-01,4.301996827125549316e-01,-2.776756286621093750e-01,3.169393241405487061e-01,9.673635363578796387e-01
1.788378981563664198e+09,3.733886480331420898e-01,3.124549686908721924e-01,1.767953634262084961e-01,4.197030067443847656e-01,-2.692696452140808105e-01,3.106866478919982910e-01,9.574868083000183105e-01
1.788378981609242916e+09,3.780072033405303955e-01,3.111115097999572754e-01,1.862246096134185791e-01,4.086435735225677490e-01,-2.617042064666748047e-01,3.038039803504943848e-01,9.471377730369567871e-01
1.788378981658117056e+09,3.805424273014068604e-01,3.105211853981018066e-01,1.948570907115936279e-01,3.973622918128967285e-01,-2.552342414855957031e-01,2.965091168880462646e-01,9.366709589958190918e-01
1.788378981708589077e+09,3.809943199157714844e-01,3.108002543449401855e-01,2.025179415941238403e-01,3.861852288246154785e-01,-2.499831169843673706e-01,2.890453934669494629e-01,9.264638423919677734e-01
1.788378981758408308e+09,3.793628811836242676e-01,3.122372925281524658e-01,2.089280337095260620e-01,3.755853474140167236e-01,-2.461949586868286133e-01,2.816973328590393066e-01,9.169377088546752930e-01
1.788378981808262825e+09,3.756480813026428223e-01,3.149610757827758789e-01,2.138883918523788452e-01,3.659775853157043457e-01,-2.439926415681838989e-01,2.748210728168487549e-01,9.084883928298950195e-01
1.788378981858237505e+09,3.698499500751495361e-01,3.186427354812622070e-01,2.175792008638381958e-01,3.572660982608795166e-01,-2.430884987115859985e-01,2.686522603034973145e-01,9.011738300323486328e-01
1.788378981908283234e+09,3.619684875011444092e-01,3.229394555091857910e-01,2.201298475265502930e-01,3.491404056549072266e-01,-2.433053255081176758e-01,2.631744742393493652e-01,8.948192596435546875e-01
1.788378981958541870e+09,3.520036935806274414e-01,3.275447487831115723e-01,2.215445786714553833e-01,3.414244651794433594e-01,-2.445845454931259155e-01,2.583315670490264893e-01,8.894166350364685059e-01
1.788378982009172440e+09,3.399555683135986328e-01,3.322332799434661865e-01,2.219674140214920044e-01,3.340422511100769043e-01,-2.467372566461563110e-01,2.540859878063201904e-01,8.851043581962585449e-01
1.788378982058315039e+09,3.258241117000579834e-01,3.368796706199645996e-01,2.214830070734024048e-01,3.270795047283172607e-01,-2.496497184038162231e-01,2.504659891128540039e-01,8.821795582771301270e-01
1.788378982108861208e+09,3.097566664218902588e-01,3.409005105495452881e-01,2.193432599306106567e-01,3.214901387691497803e-01,-2.537608742713928223e-01,2.481650561094284058e-01,8.822569251060485840e-01
1.788378982159114599e+09,2.936642169952392578e-01,3.435707688331604004e-01,2.151209712028503418e-01,3.183999657630920410e-01,-2.591323554515838623e-01,2.478631436824798584e-01,8.864329457283020020e-01
1.788378982208937883e+09,2.794828116893768311e-01,3.450120389461517334e-01,2.097063213586807251e-01,3.174107372760772705e-01,-2.649901509284973145e-01,2.490425705909729004e-01,8.932964801788330078e-01
1.788378982259478331e+09,2.673847377300262451e-01,3.456463515758514404e-01,2.038753479719161987e-01,3.176249861717224121e-01,-2.708205282688140869e-01,2.510243058204650879e-01,9.013461470603942871e-01
1.788378982310010433e+09,2.573699951171875000e-01,3.456224203109741211e-01,1.978702545166015625e-01,3.187800049781799316e-01,-2.764769196510314941e-01,2.536284029483795166e-01,9.100324511528015137e-01
1.788378982361435890e+09,2.494385689496994019e-01,3.450975716114044189e-01,1.917899847030639648e-01,3.208372592926025391e-01,-2.819101810455322266e-01,2.567465901374816895e-01,9.191321134567260742e-01
1.788378982409562349e+09,2.435904741287231445e-01,3.442219197750091553e-01,1.857294887304306030e-01,3.238206505775451660e-01,-2.870551049709320068e-01,2.603361904621124268e-01,9.285736680030822754e-01
1.788378982459981918e+09,2.398257255554199219e-01,3.430664837360382080e-01,1.798545271158218384e-01,3.277904093265533447e-01,-2.917365133762359619e-01,2.645020484924316406e-01,9.384682178497314453e-01
1.788378982509991884e+09,2.381443083286285400e-01,3.416372537612915039e-01,1.742936223745346069e-01,3.326992094516754150e-01,-2.958172857761383057e-01,2.693134844303131104e-01,9.487860202789306641e-01
1.788378982560314417e+09,2.385462224483489990e-01,3.398670852184295654e-01,1.691508442163467407e-01,3.383787274360656738e-01,-2.991831302642822266e-01,2.748048603534698486e-01,9.593518972396850586e-01
1.788378982611120224e+09,2.410314679145812988e-01,3.376360237598419189e-01,1.645320653915405273e-01,3.445929586887359619e-01,-3.017039000988006592e-01,2.810284793376922607e-01,9.699588418006896973e-01
1.788378982659940958e+09,2.456000447273254395e-01,3.349536657333374023e-01,1.605247110128402710e-01,3.511977791786193848e-01,-3.033085763454437256e-01,2.879595756530761719e-01,9.803875684738159180e-01
1.788378982709881067e+09,2.522519826889038086e-01,3.319042026996612549e-01,1.573466360569000244e-01,3.581545352935791016e-01,-3.037525117397308350e-01,2.957938015460968018e-01,9.906408190727233887e-01
1.788378982760101795e+09,2.609872519969940186e-01,3.285858035087585449e-01,1.551407724618911743e-01,3.654074370861053467e-01,-3.028833270072937012e-01,3.046894073486328125e-01,1.000635743141174316e+00
1.788378982810297251e+09,2.718058526515960693e-01,3.252476453781127930e-01,1.542011052370071411e-01,3.726976811885833740e-01,-3.003722429275512695e-01,3.150780200958251953e-01,1.010071873664855957e+00
1.788378982860174656e+09,2.847077846527099609e-01,3.219651281833648682e-01,1.547518372535705566e-01,3.796159327030181885e-01,-2.959916889667510986e-01,3.270995020866394043e-01,1.018452882766723633e+00
1.788378982911621094e+09,2.996930480003356934e-01,3.186072707176208496e-01,1.566147953271865845e-01,3.859612643718719482e-01,-2.900336682796478271e-01,3.400666415691375732e-01,1.025361657142639160e+00
1.788378982960716486e+09,3.167616426944732666e-01,3.148686289787292480e-01,1.599101275205612183e-01,3.911648988723754883e-01,-2.823994159698486328e-01,3.535153567790985107e-01,1.030236482620239258e+00
1.788378983010660410e+09,3.346522152423858643e-01,3.107230067253112793e-01,1.648255139589309692e-01,3.941461741924285889e-01,-2.730058729648590088e-01,3.671739399433135986e-01,1.032641887664794922e+00
1.788378983060413599e+09,3.517315089702606201e-01,3.067108988761901855e-01,1.710166931152343750e-01,3.943496644496917725e-01,-2.624492049217224121e-01,3.806850910186767578e-01,1.032609224319458008e+00
1.788378983110489130e+09,3.672501742839813232e-01,3.038040101528167725e-01,1.781131923198699951e-01,3.919784426689147949e-01,-2.514306306838989258e-01,3.936383128166198730e-01,1.029484868049621582e+00
1.788378983160785913e+09,3.807580769062042236e-01,3.028087317943572998e-01,1.856286674737930298e-01,3.877874910831451416e-01,-2.406108975410461426e-01,4.060327708721160889e-01,1.023427963256835938e+00
1.788378983210659266e+09,3.921826481819152832e-01,3.037346601486206055e-01,1.930316835641860962e-01,3.826079666614532471e-01,-2.304160296916961670e-01,4.181791245937347412e-01,1.015799045562744141e+00
1.788378983260749102e+09,4.015238881111145020e-01,3.062948584556579590e-01,2.000981718301773071e-01,3.769404888153076172e-01,-2.209627777338027954e-01,4.301437437534332275e-01,1.007479548454284668e+00
1.788378983311572313e+09,4.087817966938018799e-01,3.100463449954986572e-01,2.066496461629867554e-01,3.710212111473083496e-01,-2.123611718416213989e-01,4.417804479598999023e-01,9.989169836044311523e-01
1.788378983363018990e+09,4.139563739299774170e-01,3.148297667503356934e-01,2.124898880720138550e-01,3.650939464569091797e-01,-2.048021554946899414e-01,4.528942406177520752e-01,9.903447031974792480e-01
1.788378983414418697e+09,4.170476198196411133e-01,3.208607137203216553e-01,2.173786461353302002e-01,3.596014976501464844e-01,-1.985711008310317993e-01,4.633067250251770020e-01,9.820332527160644531e-01
1.788378983465425014e+09,4.180555343627929688e-01,3.282693326473236084e-01,2.212108820676803589e-01,3.548752367496490479e-01,-1.938003897666931152e-01,4.728624224662780762e-01,9.742428064346313477e-01
1.788378983514612198e+09,4.170653820037841797e-01,3.374293744564056396e-01,2.236670702695846558e-01,3.514654934406280518e-01,-1.908914446830749512e-01,4.812617301940917969e-01,9.671969413757324219e-01
1.788378983562223673e+09,4.144809246063232422e-01,3.486727476119995117e-01,2.244322448968887329e-01,3.499715328216552734e-01,-1.902193725109100342e-01,4.882337450981140137e-01,9.610685110092163086e-01
1.788378983611932516e+09,4.109008610248565674e-01,3.619994521141052246e-01,2.233714163303375244e-01,3.507056832313537598e-01,-1.918963193893432617e-01,4.936673939228057861e-01,9.558646678924560547e-01
1.788378983662708998e+09,4.067567586898803711e-01,3.772615194320678711e-01,2.204511761665344238e-01,3.538444340229034424e-01,-1.959140598773956299e-01,4.975489377975463867e-01,9.515252113342285156e-01
1.788378983712959290e+09,4.019329249858856201e-01,3.939650952816009521e-01,2.156842499971389771e-01,3.592229187488555908e-01,-2.021607309579849243e-01,5.000832676887512207e-01,9.480934739112854004e-01
1.788378983764621258e+09,3.956560492515563965e-01,4.112842977046966553e-01,2.090784907341003418e-01,3.663476705551147461e-01,-2.104743868112564087e-01,5.015640258789062500e-01,9.458336234092712402e-01
1.788378983813159466e+09,3.873578906059265137e-01,4.280464053153991699e-01,2.009325623512268066e-01,3.745564520359039307e-01,-2.203081697225570679e-01,5.023923516273498535e-01,9.449769854545593262e-01
1.788378983865549803e+09,3.771699965000152588e-01,4.431419074535369873e-01,1.917486935853958130e-01,3.831541240215301514e-01,-2.308832108974456787e-01,5.030165314674377441e-01,9.454268217086791992e-01
1.788378983915648222e+09,3.656155765056610107e-01,4.561540782451629639e-01,1.820259541273117065e-01,3.916739821434020996e-01,-2.415663152933120728e-01,5.037015080451965332e-01,9.468544721603393555e-01
1.788378983965275764e+09,3.531820178031921387e-01,4.670828878879547119e-01,1.720814108848571777e-01,3.998714387416839600e-01,-2.520191669464111328e-01,5.045128464698791504e-01,9.489704966545104980e-01
1.788378984016841888e+09,3.402927517890930176e-01,4.759283661842346191e-01,1.621070504188537598e-01,4.077068567276000977e-01,-2.620297968387603760e-01,5.054633617401123047e-01,9.517207741737365723e-01
1.788378984065784216e+09,3.275271356105804443e-01,4.826905131340026855e-01,1.522548198699951172e-01,4.152614474296569824e-01,-2.714238762855529785e-01,5.065566301345825195e-01,9.550307989120483398e-01
1.788378984115467548e+09,3.155204355716705322e-01,4.873693287372589111e-01,1.426871120929718018e-01,4.225763380527496338e-01,-2.800340056419372559e-01,5.077570080757141113e-01,9.587351083755493164e-01
1.788378984165596962e+09,3.049087226390838623e-01,4.899648129940032959e-01,1.335814297199249268e-01,4.297197461128234863e-01,-2.876790761947631836e-01,5.090211629867553711e-01,9.627045989036560059e-01
1.788378984216331720e+09,2.958749234676361084e-01,4.904769659042358398e-01,1.250235736370086670e-01,4.365563988685607910e-01,-2.942838072776794434e-01,5.103021860122680664e-01,9.667875766754150391e-01
1.788378984266277075e+09,2.882431447505950928e-01,4.889057874679565430e-01,1.170005649328231812e-01,4.427872300148010254e-01,-2.998640835285186768e-01,5.115458369255065918e-01,9.708183407783508301e-01
1.788378984316488028e+09,2.819877564907073975e-01,4.852512776851654053e-01,1.095227003097534180e-01,4.482079148292541504e-01,-3.044054806232452393e-01,5.127033591270446777e-01,9.746569395065307617e-01
1.788378984369355917e+09,2.773669660091400146e-01,4.795134365558624268e-01,1.027374491095542908e-01,4.528376460075378418e-01,-3.077515363693237305e-01,5.137500762939453125e-01,9.783415198326110840e-01
1.788378984421552658e+09,2.746511697769165039e-01,4.716922640800476074e-01,9.684374928474426270e-02,4.566161632537841797e-01,-3.097415566444396973e-01,5.145533680915832520e-01,9.818223714828491211e-01
1.788378984472293615e+09,2.739450037479400635e-01,4.618541002273559570e-01,9.203847497701644897e-02,4.593241214752197266e-01,-3.102920055389404297e-01,5.148603320121765137e-01,9.849184155464172363e-01
1.788378984519665003e+09,2.753221690654754639e-01,4.504139125347137451e-01,8.842805027961730957e-02,4.610180556774139404e-01,-3.094837367534637451e-01,5.146728754043579102e-01,9.875110983848571777e-01
1.788378984567829609e+09,2.787826657295227051e-01,4.377846121788024902e-01,8.622934669256210327e-02,4.615872800350189209e-01,-3.073124587535858154e-01,5.139023065567016602e-01,9.895556569099426270e-01
1.788378984616782665e+09,2.843264937400817871e-01,4.244001209735870361e-01,8.547358959913253784e-02,4.611666500568389893e-01,-3.039307594299316406e-01,5.122347474098205566e-01,9.909184575080871582e-01
1.788378984667035580e+09,2.919536530971527100e-01,4.109012484550476074e-01,8.574380725622177124e-02,4.602524340152740479e-01,-2.999075949192047119e-01,5.095618367195129395e-01,9.913210272789001465e-01
1.788378984717203379e+09,3.016641438007354736e-01,3.978154957294464111e-01,8.680316805839538574e-02,4.589341878890991211e-01,-2.956264317035675049e-01,5.057138204574584961e-01,9.905046820640563965e-01
1.788378984767179251e+09,3.134100139141082764e-01,3.857512772083282471e-01,8.863925188779830933e-02,4.570367932319641113e-01,-2.913519144058227539e-01,5.003082752227783203e-01,9.880108237266540527e-01
1.788378984823011160e+09,3.267597854137420654e-01,3.751867711544036865e-01,9.125241637229919434e-02,4.543298780918121338e-01,-2.872824370861053467e-01,4.930970072746276855e-01,9.834764599800109863e-01
1.788378984869597673e+09,3.407832682132720947e-01,3.664158582687377930e-01,9.456524252891540527e-02,4.505954384803771973e-01,-2.835880815982818604e-01,4.840045869350433350e-01,9.768258333206176758e-01
1.788378984921809435e+09,3.541718423366546631e-01,3.596672117710113525e-01,9.847711026668548584e-02,4.455792903900146484e-01,-2.804221510887145996e-01,4.730171561241149902e-01,9.682132005691528320e-01
1.788378984967833281e+09,3.658221960067749023e-01,3.550018966197967529e-01,1.028149127960205078e-01,4.391376078128814697e-01,-2.779251933097839355e-01,4.602786302566528320e-01,9.578374028205871582e-01
1.788378985017760754e+09,3.753910362720489502e-01,3.523232638835906982e-01,1.074534133076667786e-01,4.314085543155670166e-01,-2.761262953281402588e-01,4.459947347640991211e-01,9.458752274513244629e-01
1.788378985067816973e+09,3.828765451908111572e-01,3.512962162494659424e-01,1.123124137520790100e-01,4.228459596633911133e-01,-2.749053239822387695e-01,4.304054975509643555e-01,9.330334067344665527e-01
1.788378985117963314e+09,3.882787227630615234e-01,3.516261577606201172e-01,1.171191707253456116e-01,4.139597713947296143e-01,-2.743066251277923584e-01,4.138956665992736816e-01,9.201068282127380371e-01
1.788378985167658329e+09,3.915975689888000488e-01,3.529909849166870117e-01,1.216099634766578674e-01,4.049790799617767334e-01,-2.743728160858154297e-01,3.969736099243164062e-01,9.074484109878540039e-01
1.788378985217881441e+09,3.928330838680267334e-01,3.549696803092956543e-01,1.256913840770721436e-01,3.958902060985565186e-01,-2.749954760074615479e-01,3.800382316112518311e-01,8.951650261878967285e-01
1.788378985268441439e+09,3.919852674007415771e-01,3.573258221149444580e-01,1.293032914400100708e-01,3.866763710975646973e-01,-2.761155664920806885e-01,3.633386492729187012e-01,8.833268284797668457e-01
1.788378985321650267e+09,3.890541195869445801e-01,3.599213957786560059e-01,1.323717683553695679e-01,3.774243891239166260e-01,-2.777211368083953857e-01,3.470835387706756592e-01,8.721829652786254883e-01
1.788378985370278358e+09,3.840396404266357422e-01,3.625257611274719238e-01,1.345899999141693115e-01,3.684631586074829102e-01,-2.799591124057769775e-01,3.316397666931152344e-01,8.623360991477966309e-01
1.788378985425327301e+09,3.769975602626800537e-01,3.649270534515380859e-01,1.348512768745422363e-01,3.610140681266784668e-01,-2.835406959056854248e-01,3.181535303592681885e-01,8.554983139038085938e-01
1.788378985471584320e+09,3.691610693931579590e-01,3.674509227275848389e-01,1.326820701360702515e-01,3.561878204345703125e-01,-2.887017428874969482e-01,3.077016174793243408e-01,8.528009653091430664e-01
1.788378985521420956e+09,3.624021112918853760e-01,3.708468079566955566e-01,1.289172917604446411e-01,3.541393280029296875e-01,-2.946974933147430420e-01,3.007150590419769287e-01,8.536912798881530762e-01
1.788378985569848061e+09,3.561352789402008057e-01,3.743866384029388428e-01,1.242602393031120300e-01,3.536422252655029297e-01,-3.005881309509277344e-01,2.983494997024536133e-01,8.570727705955505371e-01
1.788378985620026827e+09,3.505162298679351807e-01,3.767611682415008545e-01,1.194282770156860352e-01,3.534748554229736328e-01,-3.056161999702453613e-01,2.998872697353363037e-01,8.615173101425170898e-01
1.788378985670277357e+09,3.469159305095672607e-01,3.774137496948242188e-01,1.152075678110122681e-01,3.532859981060028076e-01,-3.092459738254547119e-01,3.034487962722778320e-01,8.659333586692810059e-01
1.788378985720474958e+09,3.453344404697418213e-01,3.762813806533813477e-01,1.118190437555313110e-01,3.527609109878540039e-01,-3.113689720630645752e-01,3.084220290184020996e-01,8.697848320007324219e-01
1.788378985770318747e+09,3.458362817764282227e-01,3.734538257122039795e-01,1.093398407101631165e-01,3.517865240573883057e-01,-3.119785189628601074e-01,3.144359588623046875e-01,8.727343678474426270e-01
1.788378985820060492e+09,3.484214544296264648e-01,3.690057396888732910e-01,1.079604178667068481e-01,3.503754138946533203e-01,-3.109828829765319824e-01,3.211652636528015137e-01,8.747447133064270020e-01
1.788378985870863438e+09,3.522289991378784180e-01,3.634743690490722656e-01,1.081014275550842285e-01,3.485023379325866699e-01,-3.081483840942382812e-01,3.282612562179565430e-01,8.763878345489501953e-01
1.788378985920560598e+09,3.567082285881042480e-01,3.572068810462951660e-01,1.100239977240562439e-01,3.462051749229431152e-01,-3.033010065555572510e-01,3.354485929012298584e-01,8.781336545944213867e-01
1.788378985970767975e+09,3.611660003662109375e-01,3.507274389266967773e-01,1.136879473924636841e-01,3.436205685138702393e-01,-2.966521084308624268e-01,3.422259092330932617e-01,8.804327845573425293e-01
1.788378986021121025e+09,3.640696704387664795e-01,3.446268737316131592e-01,1.189563721418380737e-01,3.407213985919952393e-01,-2.885117232799530029e-01,3.483265042304992676e-01,8.839862942695617676e-01
1.788378986070777893e+09,3.648900091648101807e-01,3.390145301818847656e-01,1.255187541246414185e-01,3.376864790916442871e-01,-2.792119383811950684e-01,3.537896275520324707e-01,8.891523480415344238e-01
1.788378986121241570e+09,3.637386560440063477e-01,3.339549005031585693e-01,1.330439746379852295e-01,3.345959186553955078e-01,-2.690671980381011963e-01,3.588171303272247314e-01,8.957749009132385254e-01
1.788378986171092749e+09,3.618793487548828125e-01,3.299547433853149414e-01,1.408689767122268677e-01,3.318628072738647461e-01,-2.587813735008239746e-01,3.636568486690521240e-01,9.033482670783996582e-01
1.788378986221300364e+09,3.612837791442871094e-01,3.271255493164062500e-01,1.482756286859512329e-01,3.298418223857879639e-01,-2.490793019533157349e-01,3.684192001819610596e-01,9.107877016067504883e-01
1.788378986271368742e+09,3.620790243148803711e-01,3.246936798095703125e-01,1.549335420131683350e-01,3.277793824672698975e-01,-2.402151376008987427e-01,3.731240332126617432e-01,9.165412783622741699e-01
1.788378986321860313e+09,3.640830516815185547e-01,3.222143352031707764e-01,1.607657670974731445e-01,3.253362178802490234e-01,-2.322842478752136230e-01,3.773763179779052734e-01,9.200535416603088379e-01
1.788378986371639252e+09,3.666895925998687744e-01,3.200885355472564697e-01,1.656655967235565186e-01,3.228045403957366943e-01,-2.255498617887496948e-01,3.806036710739135742e-01,9.221686124801635742e-01
1.788378986421670914e+09,3.679972887039184570e-01,3.188260495662689209e-01,1.697033941745758057e-01,3.201968371868133545e-01,-2.200757265090942383e-01,3.825718164443969727e-01,9.242199659347534180e-01
1.788378986476198435e+09,3.679726719856262207e-01,3.188421130180358887e-01,1.728802025318145752e-01,3.182565569877624512e-01,-2.158888280391693115e-01,3.832575082778930664e-01,9.275686740875244141e-01
1.788378986526909351e+09,3.684098422527313232e-01,3.203102350234985352e-01,1.750850230455398560e-01,3.181593120098114014e-01,-2.130315601825714111e-01,3.827948570251464844e-01,9.331170320510864258e-01
1.788378986573583603e+09,3.706411421298980713e-01,3.226814568042755127e-01,1.765646785497665405e-01,3.197676837444305420e-01,-2.111822068691253662e-01,3.812221884727478027e-01,9.399939179420471191e-01
1.788378986622800112e+09,3.749557733535766602e-01,3.256137967109680176e-01,1.774054914712905884e-01,3.225298225879669189e-01,-2.102297544479370117e-01,3.786103427410125732e-01,9.469025731086730957e-01
1.788378986672688723e+09,3.813537657260894775e-01,3.293815553188323975e-01,1.772824972867965698e-01,3.266382217407226562e-01,-2.104849815368652344e-01,3.752813935279846191e-01,9.535131454467773438e-01
1.788378986722700834e+09,3.882480859756469727e-01,3.343674242496490479e-01,1.753578484058380127e-01,3.316896557807922363e-01,-2.128278911113739014e-01,3.715250194072723389e-01,9.597688913345336914e-01
