# t,q1,q2,q3,q4,q5,q6,q7,m1,m2,m3,m4,m5,m6,m7,px,py,pz,is_policy
1.788370392168361902e+09,-1.960000023245811462e-02,-3.222923576831817627e-01,-5.324603989720344543e-04,5.739243030548095703e-01,-4.641151130199432373e-01,1.197140663862228394e-02,-8.381567001342773438e-01,2.498664835584030186e-02,-2.779049362935843703e-01,1.354238193331802620e-02,5.369268329900069858e-01,-4.613946746013581901e-01,1.773861295490952728e-02,-7.684824902723743634e-01,3.542529544234275796e-01,2.302507092803716682e-01,4.229467332363128773e-01,1.000000000000000000e+00
1.788370392312119484e+09,-3.716538846492767334e-02,-3.123425543308258057e-01,1.552723115310072899e-03,5.967462658882141113e-01,-4.594811201095581055e-01,2.105179801583290100e-02,-8.619211912155151367e-01,2.422369726100548348e-02,-2.779049362935843703e-01,1.354238193331802620e-02,5.369268329900069858e-01,-4.613946746013581901e-01,1.773861295490952728e-02,-7.688639658197917726e-01,3.375150102376937578e-01,2.230118221044540550e-01,4.195755982398986506e-01,1.000000000000000000e+00
1.788370392562017679e+09,-6.534908711910247803e-02,-2.965680956840515137e-01,5.813332740217447281e-03,6.340509653091430664e-01,-4.511724710464477539e-01,3.482434898614883423e-02,-9.005994796752929688e-01,-8.964675364309115935e-03,-2.771419851987495520e-01,1.354238193331802620e-02,5.518043793392859442e-01,-4.610131990539407809e-01,1.850156404974434565e-02,-7.921339742122537331e-01,3.294241178035736128e-01,2.289326096326113058e-01,4.350587135553359852e-01,1.000000000000000000e+00
1.788370392812142849e+09,-1.007540673017501831e-01,-2.770270705223083496e-01,1.257874257862567902e-02,6.797262430191040039e-01,-4.393416047096252441e-01,5.166031792759895325e-02,-9.482222795486450195e-01,-3.452353704127553158e-02,-2.599755855649661385e-01,1.392385748073543539e-02,5.891889829861920447e-01,-4.579613946746015074e-01,2.803845273517957537e-02,-8.371480888075080173e-01,3.231704824267355725e-01,2.319464211213103089e-01,4.163021417767793775e-01,1.000000000000000000e+00
1.788370393062989712e+09,-1.360929161310195923e-01,-2.541677355766296387e-01,2.095366455614566803e-02,7.254341840744018555e-01,-4.247283339500427246e-01,7.319528609514236450e-02,-1.000179409980773926e+00,-6.847486076142494937e-02,-2.477683680476090444e-01,1.392385748073543539e-02,6.372549019607856025e-01,-4.568169680323492798e-01,3.681239032577998671e-02,-8.844510566872667567e-01,3.150656386135728959e-01,2.411215673481854893e-01,4.004867000036357316e-01,1.000000000000000000e+00
1.788370393313103437e+09,-1.622918248176574707e-01,-2.298607677221298218e-01,2.782914415001869202e-02,7.633503079414367676e-01,-4.095331728458404541e-01,1.014384850859642029e-01,-1.053008317947387695e+00,-1.009002822919047304e-01,-2.241168841077296747e-01,1.964599069199657322e-02,6.811245899137876592e-01,-4.377431906614788204e-01,6.618600747692049424e-02,-9.447241931792174086e-01,3.119021428817481123e-01,2.522438072963524291e-01,3.841683645097770938e-01,1.000000000000000000e+00
1.788370393563485622e+09,-1.764907389879226685e-01,-2.062516510486602783e-01,3.116305917501449585e-02,7.912503480911254883e-01,-3.958055973052978516e-01,1.350104361772537231e-01,-1.104270100593566895e+00,-1.199740596627751898e-01,-2.069504844739462612e-01,3.070878156710143969e-02,7.211795223926156240e-01,-4.224841687647824529e-01,9.403372243839136502e-02,-9.958419165331502398e-01,3.076377459724061181e-01,2.648022262282526129e-01,3.691983600698818258e-01,1.000000000000000000e+00
1.788370393813239813e+09,-1.786896586418151855e-01,-1.844499409198760986e-01,3.006439097225666046e-02,8.089526295661926270e-01,-3.848702311515808105e-01,1.720366179943084717e-01,-1.152395009994506836e+00,-1.317998016327148747e-01,-1.829175249866477060e-01,3.185320820935366726e-02,7.471198596169994488e-01,-4.125658045319298139e-01,1.272220950637059644e-01,-1.047341115434500480e+00,3.045286518459228708e-01,2.762742883819161444e-01,3.531134191730321281e-01,1.000000000000000000e+00
1.788370394069940805e+09,-1.688885688781738281e-01,-1.651122421026229858e-01,2.399472706019878387e-02,8.159207105636596680e-01,-3.778639137744903564e-01,2.108575105667114258e-01,-1.195752978324890137e+00,-1.371404592965586033e-01,-1.684214541847861568e-01,3.185320820935366726e-02,7.654306858930350899e-01,-4.060807202258338577e-01,1.649881742580294741e-01,-1.091973754482337355e+00,3.028720270729363118e-01,2.884250014544623153e-01,3.373141860843603124e-01,1.000000000000000000e+00
1.788370394313881159e+09,-1.470874845981597900e-01,-1.488387584686279297e-01,1.239748764783143997e-02,8.111053109169006348e-01,-3.760345578193664551e-01,2.497336864471435547e-01,-1.232187509536743164e+00,-1.333257038223845115e-01,-1.508735790035853341e-01,3.185320820935366726e-02,7.734416723888006828e-01,-4.030289158464945842e-01,2.100022888532837584e-01,-1.136224917982756821e+00,3.034496798485937785e-01,3.008436587341309920e-01,3.216475569433834281e-01,1.000000000000000000e+00
1.788370394564192772e+09,-1.133982315659523010e-01,-1.362266689538955688e-01,-5.105217918753623962e-03,7.925046086311340332e-01,-3.808369934558868408e-01,2.863662838935852051e-01,-1.258018016815185547e+00,-1.115815976195921877e-01,-1.356145571068889666e-01,1.850156404974434565e-02,7.734416723888006828e-01,-3.892957961394678534e-01,2.485313191424420864e-01,-1.177805752651254423e+00,3.080266031130495241e-01,3.100593229983616972e-01,3.044975334565113156e-01,1.000000000000000000e+00
1.788370394814119101e+09,-7.083769887685775757e-02,-1.274712681770324707e-01,-2.726416103541851044e-02,7.580511569976806641e-01,-3.928879201412200928e-01,3.176145553588867188e-01,-1.268572568893432617e+00,-8.068207827878204341e-02,-1.272220950637059644e-01,2.098115510795750538e-03,7.734416723888006828e-01,-3.889143205920504442e-01,2.924010070954441431e-01,-1.196498054474707473e+00,3.160230040896694903e-01,3.162754529725246844e-01,2.872517426783120498e-01,1.000000000000000000e+00
1.788370395072314978e+09,-2.865517139434814453e-02,-1.223533973097801208e-01,-4.942873120307922363e-02,7.082253098487854004e-01,-4.103571474552154541e-01,3.393442928791046143e-01,-1.258696556091308594e+00,-4.062714579995407860e-02,-1.161593041886010980e-01,-2.727550164034475699e-02,7.501716639963387223e-01,-3.965438315403986280e-01,3.191042954146627864e-01,-1.212520027466238659e+00,3.285565811663934688e-01,3.186839923079366477e-01,2.718534186158826360e-01,1.000000000000000000e+00
1.788370395314928055e+09,2.648951951414346695e-03,-1.201604902744293213e-01,-6.590265780687332153e-02,6.507309675216674805e-01,-4.282116293907165527e-01,3.502876162528991699e-01,-1.229207515716552734e+00,-4.768444342717614859e-03,-1.131074998092618245e-01,-4.901960784313708075e-02,6.982909895475710726e-01,-4.163805600061039058e-01,3.439002059967943836e-01,-1.211757076371403841e+00,3.370797532898703319e-01,3.184745933978775922e-01,2.537616611266265698e-01,1.000000000000000000e+00
1.788370395564801931e+09,2.195307612419128418e-02,-1.188632100820541382e-01,-7.479945570230484009e-02,5.948726534843444824e-01,-4.422717988491058350e-01,3.540361821651458740e-01,-1.191976904869079590e+00,1.964599069199657322e-02,-1.104371709773399601e-01,-6.466010528725085749e-02,6.410696574349596943e-01,-4.247730220492869080e-01,3.450446326390466112e-01,-1.180476081483176287e+00,3.323072719821267285e-01,3.010220055512010662e-01,2.452393023204463840e-01,1.000000000000000000e+00
1.788370395814919710e+09,2.925720065832138062e-02,-1.171256899833679199e-01,-7.501357048749923706e-02,5.455920696258544922e-01,-4.503013491630554199e-01,3.520919382572174072e-01,-1.154326796531677246e+00,3.261615930418848563e-02,-1.108186465247573693e-01,-7.343404287785126883e-02,5.838483253223483160e-01,-4.427023727779051399e-01,3.465705348287162479e-01,-1.149576562142366143e+00,3.256850449507562306e-01,2.831350076581892194e-01,2.512560635356165251e-01,1.000000000000000000e+00
1.788370396070073843e+09,2.456132508814334869e-02,-1.142134293913841248e-01,-6.576797366142272949e-02,5.071175694465637207e-01,-4.505262672901153564e-01,3.453150689601898193e-01,-1.122303128242492676e+00,3.376058594644071320e-02,-1.100556954299225509e-01,-7.343404287785126883e-02,5.395971618219288501e-01,-4.465171282520792317e-01,3.480964370183858847e-01,-1.112954909590294861e+00,3.180716302444017707e-01,2.684601103777096154e-01,2.625114314246034253e-01,1.000000000000000000e+00
1.788370396315544367e+09,8.743972517549991608e-03,-1.095329150557518005e-01,-4.665889590978622437e-02,4.832611680030822754e-01,-4.414714872837066650e-01,3.347778022289276123e-01,-1.102059364318847656e+00,2.841992828259698456e-02,-1.070038910505832774e-01,-7.305256733043385964e-02,5.014496070801879313e-01,-4.503318837262533236e-01,3.461890592812988388e-01,-1.079003585870145443e+00,3.108228598458786518e-01,2.546284709924263034e-01,2.750070738500641765e-01,1.000000000000000000e+00
1.788370396566184521e+09,-1.406244095414876938e-02,-1.031754165887832642e-01,-1.837480999529361725e-02,4.754047691822052002e-01,-4.225904047489166260e-01,3.220321834087371826e-01,-1.099072933197021484e+00,1.316090638590061701e-02,-9.594110017547841096e-02,-5.245288776989376345e-02,4.770351720454737432e-01,-4.488059815365836869e-01,3.427557793545421561e-01,-1.058022430762187938e+00,2.953447490930556918e-01,2.435766038298607106e-01,2.781032770872116089e-01,1.000000000000000000e+00
1.788370396815787315e+09,-3.637742251157760620e-02,-1.011312380433082581e-01,1.163409836590290070e-02,4.785994589328765869e-01,-3.986407220363616943e-01,3.100949823856353760e-01,-1.111575961112976074e+00,-7.820248722056888369e-03,-9.212634470130431907e-02,-2.231631952391843754e-02,4.690241855497081502e-01,-4.354543373769743653e-01,3.366521705958636090e-01,-1.053063248645761618e+00,2.897514874138685803e-01,2.612405487869995380e-01,2.705733054843895147e-01,1.000000000000000000e+00
1.788370397068730831e+09,-5.153868347406387329e-02,-1.091281473636627197e-01,3.124189376831054688e-02,4.815300405025482178e-01,-3.797378540039062500e-01,3.032471835613250732e-01,-1.129407405853271484e+00,-2.880140383001439375e-02,-9.288929579613913745e-02,8.583199816891706746e-03,4.686427100022907410e-01,-4.114213778896775864e-01,3.233005264362542874e-01,-1.053826199740596437e+00,2.916323234739078840e-01,2.808143667362575369e-01,2.669225375371540587e-01,1.000000000000000000e+00
1.788370397317024946e+09,-6.016459688544273376e-02,-1.256627142429351807e-01,3.638614341616630554e-02,4.794115126132965088e-01,-3.705544173717498779e-01,3.029448390007019043e-01,-1.147075414657592773e+00,-4.024567025253666941e-02,-9.975585564965250285e-02,2.727550164034475699e-02,4.686427100022907410e-01,-3.858625162127111707e-01,3.168154421301583312e-01,-1.074425879301136533e+00,2.959916085775858297e-01,3.003018256801642805e-01,2.658109722919253515e-01,1.000000000000000000e+00
1.788370397567261219e+09,-6.563044339418411255e-02,-1.465777456760406494e-01,2.959731966257095337e-02,4.731221795082092285e-01,-3.707413375377655029e-01,3.064242899417877197e-01,-1.161240100860595703e+00,-4.711223010605003481e-02,-1.165407797360185072e-01,3.261615930418848563e-02,4.686427100022907410e-01,-3.774700541695281686e-01,3.145265888456538761e-01,-1.083199816891736944e+00,2.962075796859310328e-01,3.201361955252092772e-01,2.632514548900838913e-01,1.000000000000000000e+00
1.788370397817665339e+09,-6.752479821443557739e-02,-1.651615351438522339e-01,1.548558473587036133e-02,4.626925587654113770e-01,-3.783111274242401123e-01,3.102116584777832031e-01,-1.170523881912231445e+00,-5.359731441214599101e-02,-1.359960326543063758e-01,3.261615930418848563e-02,4.678797589074559227e-01,-3.732738231479366675e-01,3.145265888456538761e-01,-1.099221789883268130e+00,2.863408672809600874e-01,3.253321120142936840e-01,2.572053754329681752e-01,1.000000000000000000e+00
1.788370398072723150e+09,-6.511067599058151245e-02,-1.742971539497375488e-01,9.619041811674833298e-04,4.515469074249267578e-01,-3.881997764110565186e-01,3.128420114517211914e-01,-1.180377602577209473e+00,-5.512321660181562777e-02,-1.527809567406723801e-01,2.498664835584030186e-02,4.594872968642729205e-01,-3.709849698634322124e-01,3.149080643930712853e-01,-1.106469825284198905e+00,2.707050293342880276e-01,3.148976014992471151e-01,2.640348382241980429e-01,1.000000000000000000e+00
1.788370398318452597e+09,-6.114454567432403564e-02,-1.728189289569854736e-01,-7.773032411932945251e-03,4.441950917243957520e-01,-3.942925035953521729e-01,3.141219913959503174e-01,-1.196752548217773438e+00,-5.512321660181562777e-02,-1.592660410467683363e-01,4.386968795300205670e-03,4.476615548943332357e-01,-3.786144808117803962e-01,3.149080643930712853e-01,-1.125162127107651955e+00,2.701276677026375750e-01,2.969344380599017175e-01,2.728093132966831758e-01,1.000000000000000000e+00
1.788370398568756580e+09,-5.676313489675521851e-02,-1.645699590444564819e-01,-7.989265955984592438e-03,4.420121908187866211e-01,-3.935581445693969727e-01,3.142955303192138672e-01,-1.220662355422973633e+00,-5.512321660181562777e-02,-1.615548943312727914e-01,-2.098115510795750538e-03,4.446097505149939622e-01,-3.816662851911196697e-01,3.152895399404886945e-01,-1.135461966887922003e+00,2.684571191005232227e-01,2.793316110121026319e-01,2.821554219678493181e-01,1.000000000000000000e+00
1.788370398819191694e+09,-5.073538050055503845e-02,-1.555240750312805176e-01,-2.327609108760952950e-03,4.419289529323577881e-01,-3.876129388809204102e-01,3.134592175483703613e-01,-1.247520923614501953e+00,-5.474174105439821858e-02,-1.607919432364379730e-01,-2.098115510795750538e-03,4.388876173037328243e-01,-3.816662851911196697e-01,3.152895399404886945e-01,-1.159876401922636191e+00,2.692676669359206909e-01,2.782619833201170345e-01,2.769391095638275013e-01,1.000000000000000000e+00
1.788370399071873188e+09,-4.329962655901908875e-02,-1.515608280897140503e-01,2.528012963011860847e-03,4.386400282382965088e-01,-3.820554018020629883e-01,3.121685981750488281e-01,-1.269830107688903809e+00,-5.245288776989376345e-02,-1.470588235294112422e-01,-2.098115510795750538e-03,4.388876173037328243e-01,-3.809033340962848513e-01,3.152895399404886945e-01,-1.185435263599602607e+00,2.687339536323245515e-01,2.937626574933479007e-01,2.643119859687683704e-01,1.000000000000000000e+00
1.788370399319252253e+09,-3.648984059691429138e-02,-1.524579226970672607e-01,6.246087606996297836e-03,4.309363961219787598e-01,-3.775801062583923340e-01,3.094334900379180908e-01,-1.284313440322875977e+00,-4.673075455863262562e-02,-1.443884946974893779e-01,-2.098115510795750538e-03,4.381246662088980059e-01,-3.801403830014500329e-01,3.152895399404886945e-01,-1.204890516517890475e+00,2.722663033008575484e-01,2.981190847605467154e-01,2.536115157604217352e-01,1.000000000000000000e+00
1.788370399569744825e+09,-3.175139427185058594e-02,-1.556851416826248169e-01,1.093479245901107788e-02,4.209371805191040039e-01,-3.722207844257354736e-01,3.049079477787017822e-01,-1.293320775032043457e+00,-3.833829251544962347e-02,-1.447699702449067871e-01,-9.536888685435229718e-04,4.324025329976368681e-01,-3.778515297169455778e-01,3.149080643930712853e-01,-1.223582818341343526e+00,2.700773847103118408e-01,2.971593541651964543e-01,2.528080153465270818e-01,1.000000000000000000e+00
1.788370399819963455e+09,-2.895325422286987305e-02,-1.602633148431777954e-01,1.484413072466850281e-02,4.111406505107879639e-01,-3.671800792217254639e-01,3.007038533687591553e-01,-1.300608634948730469e+00,-3.337911039902330401e-02,-1.447699702449067871e-01,6.294346532387251614e-03,4.182879377431927281e-01,-3.774700541695281686e-01,3.145265888456538761e-01,-1.231212329289691709e+00,2.660012650489806951e-01,2.978049131482839451e-01,2.544658946990966952e-01,1.000000000000000000e+00
1.788370400073247910e+09,-2.750160172581672668e-02,-1.645740419626235962e-01,1.766375266015529633e-02,4.028459191322326660e-01,-3.628192543983459473e-01,2.975988984107971191e-01,-1.308327436447143555e+00,-3.299763485160589482e-02,-1.478217746242460606e-01,6.294346532387251614e-03,4.098954757000097260e-01,-3.698405432211799848e-01,3.141451132982364669e-01,-1.238078889143205075e+00,2.638671362400054621e-01,2.947940879315137930e-01,2.569866502285003684e-01,1.000000000000000000e+00
1.788370400320419073e+09,-2.664938941597938538e-02,-1.677938252687454224e-01,1.758082956075668335e-02,3.960871696472167969e-01,-3.609880506992340088e-01,2.963686883449554443e-01,-1.316798925399780273e+00,-3.299763485160589482e-02,-1.504921034561679249e-01,1.316090638590061701e-02,4.003585870145744963e-01,-3.664072632944233021e-01,3.065156023498882831e-01,-1.241130693522544348e+00,2.594534897804260387e-01,2.981914981454610869e-01,2.582853114604950484e-01,1.000000000000000000e+00
1.788370400571321964e+09,-2.648973464965820312e-02,-1.693717688322067261e-01,1.562044955790042877e-02,3.902394771575927734e-01,-3.610066175460815430e-01,2.960974276065826416e-01,-1.325056195259094238e+00,-3.299763485160589482e-02,-1.516365300984201525e-01,1.316090638590061701e-02,3.984512092774874503e-01,-3.629739833676666194e-01,2.981231403067052810e-01,-1.242275120164796576e+00,2.619006496667861672e-01,2.971777992695570081e-01,2.572857582569122448e-01,1.000000000000000000e+00
1.788370400821778536e+09,-2.682321704924106598e-02,-1.697120219469070435e-01,1.440919283777475357e-02,3.850274980068206787e-01,-3.605170547962188721e-01,2.960193753242492676e-01,-1.332799553871154785e+00,-3.261615930418848563e-02,-1.531624322880897893e-01,1.316090638590061701e-02,3.873884184023790311e-01,-3.622110322728318010e-01,2.973601892118704626e-01,-1.263637750820171490e+00,2.603958219289779219e-01,2.958057510107755528e-01,2.578415930271149015e-01,1.000000000000000000e+00
1.788370401073646784e+09,-2.721811644732952118e-02,-1.697797328233718872e-01,1.397113595157861710e-02,3.804368972778320312e-01,-3.594516813755035400e-01,2.957441210746765137e-01,-1.340212821960449219e+00,-3.299763485160589482e-02,-1.531624322880897893e-01,1.316090638590061701e-02,3.854810406652919852e-01,-3.622110322728318010e-01,2.973601892118704626e-01,-1.264400701915006309e+00,2.600337088108062300e-01,2.953327675908803962e-01,2.582852590084075972e-01,1.000000000000000000e+00
1.788370401321457624e+09,-2.764673903584480286e-02,-1.699129641056060791e-01,1.429018005728721619e-02,3.763803243637084961e-01,-3.578062355518341064e-01,2.955347895622253418e-01,-1.347137689590454102e+00,-3.299763485160589482e-02,-1.531624322880897893e-01,1.316090638590061701e-02,3.789959563591960290e-01,-3.622110322728318010e-01,2.969787136644530534e-01,-1.272411688410771902e+00,2.597755354642867776e-01,2.940946245938539372e-01,2.585632681846619096e-01,1.000000000000000000e+00
1.788370401571865320e+09,-2.808146737515926361e-02,-1.702525764703750610e-01,1.511156465858221054e-02,3.724637925624847412e-01,-3.557322025299072266e-01,2.950975298881530762e-01,-1.353039145469665527e+00,-3.299763485160589482e-02,-1.531624322880897893e-01,1.316090638590061701e-02,3.789959563591960290e-01,-3.618295567254143918e-01,2.965972381170356442e-01,-1.282711528191041950e+00,2.603209984302520263e-01,2.948530989885330134e-01,2.574078667163849365e-01,1.000000000000000000e+00
1.788370401822089672e+09,-2.876563183963298798e-02,-1.700817197561264038e-01,1.864513382315635681e-02,3.692941367626190186e-01,-3.511858582496643066e-01,2.936665713787078857e-01,-1.358558893203735352e+00,-3.299763485160589482e-02,-1.585030899519335179e-01,1.316090638590061701e-02,3.725108720531000728e-01,-3.587777523460751183e-01,2.962157625696182350e-01,-1.284237430380711587e+00,2.616712528467177723e-01,2.859823831170797415e-01,2.604384565353393688e-01,1.000000000000000000e+00
1.788370402073863029e+09,-2.914514578878879547e-02,-1.702168136835098267e-01,2.397169731557369232e-02,3.672079741954803467e-01,-3.449048399925231934e-01,2.913949191570281982e-01,-1.364297866821289062e+00,-3.299763485160589482e-02,-1.661326009002817017e-01,1.316090638590061701e-02,3.698405432211782085e-01,-3.515297169451443438e-01,2.958342870222008258e-01,-1.293392843518729407e+00,2.594215989112853560e-01,2.853575263172388188e-01,2.626176571846008390e-01,1.000000000000000000e+00
1.788370402322491884e+09,-2.871194295585155487e-02,-1.714045107364654541e-01,2.545368298888206482e-02,3.651067614555358887e-01,-3.420519530773162842e-01,2.895909249782562256e-01,-1.369189381599426270e+00,-3.299763485160589482e-02,-1.661326009002817017e-01,2.079041733424880078e-02,3.679331654840911625e-01,-3.408484016174568865e-01,2.954528114747834167e-01,-1.294155794613564225e+00,2.562779247760772483e-01,2.941005598753690942e-01,2.611129117012024325e-01,1.000000000000000000e+00
1.788370402572811842e+09,-2.829271182417869568e-02,-1.726465523242950439e-01,2.306081727147102356e-02,3.624161183834075928e-01,-3.430564701557159424e-01,2.881487607955932617e-01,-1.372394084930419922e+00,-3.299763485160589482e-02,-1.661326009002817017e-01,2.079041733424880078e-02,3.675516899366737533e-01,-3.351262684061957486e-01,2.954528114747834167e-01,-1.308651865415425775e+00,2.574670034646987515e-01,2.962926875054836540e-01,2.596944236755371338e-01,1.000000000000000000e+00
1.788370402823375940e+09,-2.855141274631023407e-02,-1.730586290359497070e-01,1.979348435997962952e-02,3.595897257328033447e-01,-3.450774252414703369e-01,2.866490781307220459e-01,-1.374402999877929688e+00,-3.299763485160589482e-02,-1.661326009002817017e-01,2.079041733424880078e-02,3.648813611047518890e-01,-3.351262684061957486e-01,2.950713359273660075e-01,-1.308651865415425775e+00,2.574414658546447798e-01,2.958576441556215464e-01,2.597848641872406161e-01,1.000000000000000000e+00
1.788370403077683687e+09,-2.917884476482868195e-02,-1.728712916374206543e-01,1.701018027961254120e-02,3.573441207408905029e-01,-3.466068804264068604e-01,2.855306267738342285e-01,-1.376456260681152344e+00,-3.299763485160589482e-02,-1.661326009002817017e-01,2.079041733424880078e-02,3.568703746089862960e-01,-3.351262684061957486e-01,2.946898603799485983e-01,-1.309033340962843184e+00,2.562857389450072798e-01,2.938650295138359181e-01,2.613132393360138028e-01,1.000000000000000000e+00
1.788370403323574543e+09,-2.974791266024112701e-02,-1.727211624383926392e-01,1.460698246955871582e-02,3.557160496711730957e-01,-3.478057980537414551e-01,2.849876284599304199e-01,-1.378827452659606934e+00,-3.299763485160589482e-02,-1.661326009002817017e-01,2.079041733424880078e-02,3.568703746089862960e-01,-3.355077439536131578e-01,2.927824826428615523e-01,-1.309033340962843184e+00,2.557519632577895941e-01,2.941126763075589956e-01,2.615410125255585028e-01,1.000000000000000000e+00
1.788370403573988199e+09,-3.026737086474895477e-02,-1.723090708255767822e-01,1.268708333373069763e-02,3.543868362903594971e-01,-3.485955893993377686e-01,2.847338020801544189e-01,-1.381122827529907227e+00,-3.299763485160589482e-02,-1.661326009002817017e-01,2.040894178683139160e-02,3.568703746089862960e-01,-3.355077439536131578e-01,2.916380560006093248e-01,-1.309033340962843184e+00,2.563822042942046631e-01,2.937435431033372790e-01,2.613389015197754017e-01,1.000000000000000000e+00
1.788370403824548721e+09,-3.071690909564495087e-02,-1.721963286399841309e-01,1.155460998415946960e-02,3.531595170497894287e-01,-3.487703502178192139e-01,2.843852341175079346e-01,-1.383122205734252930e+00,-3.299763485160589482e-02,-1.661326009002817017e-01,2.040894178683139160e-02,3.568703746089862960e-01,-3.355077439536131578e-01,2.916380560006093248e-01,-1.309033340962843184e+00,2.563287055492400879e-01,2.937479908764362158e-01,2.613241493701934925e-01,1.000000000000000000e+00
1.788370404075427532e+09,-3.113311901688575745e-02,-1.720652580261230469e-01,1.079041790217161179e-02,3.520046472549438477e-01,-3.486987650394439697e-01,2.840024232864379883e-01,-1.384816765785217285e+00,-3.299763485160589482e-02,-1.661326009002817017e-01,2.040894178683139160e-02,3.564888990615688869e-01,-3.355077439536131578e-01,2.916380560006093248e-01,-1.309414816510260593e+00,2.563197135925292525e-01,2.936730253696441806e-01,2.613523817062378130e-01,1.000000000000000000e+00
1.788370404324686289e+09,-3.146241232752799988e-02,-1.717578917741775513e-01,1.056018657982349396e-02,3.511256873607635498e-01,-3.482392728328704834e-01,2.836803793907165527e-01,-1.386542320251464844e+00,-3.299763485160589482e-02,-1.665140764476991109e-01,1.850156404974434565e-02,3.526741435873947950e-01,-3.358892195010305670e-01,2.916380560006093248e-01,-1.313992523079269503e+00,2.557847827672957708e-01,2.922095826268196195e-01,2.622060000896453968e-01,1.000000000000000000e+00
1.788370404574996948e+09,-3.166547417640686035e-02,-1.717044264078140259e-01,1.145137287676334381e-02,3.505595028400421143e-01,-3.467738032341003418e-01,2.832109928131103516e-01,-1.388346314430236816e+00,-3.299763485160589482e-02,-1.665140764476991109e-01,1.850156404974434565e-02,3.500038147554729306e-01,-3.358892195010305670e-01,2.916380560006093248e-01,-1.316662851911191368e+00,2.567453253269195157e-01,2.904839720577001572e-01,2.621943950653076172e-01,1.000000000000000000e+00
1.788370404826325417e+09,-3.180679678916931152e-02,-1.715529859066009521e-01,1.273542083799839020e-02,3.500891029834747314e-01,-3.447993695735931396e-01,2.827106118202209473e-01,-1.389958143234252930e+00,-3.299763485160589482e-02,-1.665140764476991109e-01,1.850156404974434565e-02,3.500038147554729306e-01,-3.358892195010305670e-01,2.912565804531919156e-01,-1.316662851911191368e+00,2.567243289947509499e-01,2.905340629816055564e-01,2.621212506294250399e-01,1.000000000000000000e+00
1.788370405078713179e+09,-3.189601749181747437e-02,-1.715071648359298706e-01,1.374410558491945267e-02,3.495934903621673584e-01,-3.429394364356994629e-01,2.823021709918975830e-01,-1.391265511512756348e+00,-3.299763485160589482e-02,-1.665140764476991109e-01,1.850156404974434565e-02,3.500038147554729306e-01,-3.358892195010305670e-01,2.912565804531919156e-01,-1.317044327458608777e+00,2.567581450939178112e-01,2.905605971813202126e-01,2.620801150798797718e-01,1.000000000000000000e+00
1.788370405325817823e+09,-3.197907656431198120e-02,-1.715898960828781128e-01,1.439762674272060394e-02,3.490699529647827148e-01,-3.413215279579162598e-01,2.819769978523254395e-01,-1.392283082008361816e+00,-3.299763485160589482e-02,-1.665140764476991109e-01,1.850156404974434565e-02,3.500038147554729306e-01,-3.358892195010305670e-01,2.912565804531919156e-01,-1.317044327458608777e+00,2.567566955089568559e-01,2.905673659592866720e-01,2.620747649669647461e-01,1.000000000000000000e+00
1.788370405577358246e+09,-3.207834064960479736e-02,-1.717355400323867798e-01,1.476508844643831253e-02,3.485494554042816162e-01,-3.399198055267333984e-01,2.817240357398986816e-01,-1.393077254295349121e+00,-3.299763485160589482e-02,-1.665140764476991109e-01,1.850156404974434565e-02,3.496223392080555215e-01,-3.358892195010305670e-01,2.912565804531919156e-01,-1.317425803006026186e+00,2.567491984367370472e-01,2.904937355220317818e-01,2.620996928215026944e-01,1.000000000000000000e+00
1.788370405826331139e+09,-3.217890486121177673e-02,-1.719013899564743042e-01,1.501420792192220688e-02,3.480896949768066406e-01,-3.385887145996093750e-01,2.815409302711486816e-01,-1.393758058547973633e+00,-3.337911039902330401e-02,-1.665140764476991109e-01,1.850156404974434565e-02,3.465705348287162479e-01,-3.355077439536131578e-01,2.908751049057745064e-01,-1.320096131837948050e+00,2.566836047172545987e-01,2.901779903471469746e-01,2.622350192070007635e-01,1.000000000000000000e+00
1.788370406076694250e+09,-3.225798904895782471e-02,-1.720823496580123901e-01,1.518132258206605911e-02,3.476890027523040771e-01,-3.373081684112548828e-01,2.814069986343383789e-01,-1.394351720809936523e+00,-3.337911039902330401e-02,-1.665140764476991109e-01,1.850156404974434565e-02,3.465705348287162479e-01,-3.355077439536131578e-01,2.908751049057745064e-01,-1.320477607385365459e+00,2.566996407508849720e-01,2.901702356338500821e-01,2.622227978706360152e-01,1.000000000000000000e+00
1.788370406328101873e+09,-3.234487026929855347e-02,-1.721501052379608154e-01,1.526073180139064789e-02,3.472279906272888184e-01,-3.361009955406188965e-01,2.812069356441497803e-01,-1.394724965095520020e+00,-3.337911039902330401e-02,-1.665140764476991109e-01,1.850156404974434565e-02,3.465705348287162479e-01,-3.355077439536131578e-01,2.908751049057745064e-01,-1.324292362859539551e+00,2.570509725809096979e-01,2.904188413172960614e-01,2.617818462848663374e-01,1.000000000000000000e+00
1.788370406577387333e+09,-3.247556462883949280e-02,-1.723102480173110962e-01,1.530602201819419861e-02,3.466837406158447266e-01,-3.349946141242980957e-01,2.809035778045654297e-01,-1.394868612289428711e+00,-3.337911039902330401e-02,-1.665140764476991109e-01,1.850156404974434565e-02,3.465705348287162479e-01,-3.355077439536131578e-01,2.908751049057745064e-01,-1.324292362859539551e+00,2.570380961894989102e-01,2.904855554550886398e-01,2.617287123203277943e-01,1.000000000000000000e+00
1.788370406827392340e+09,-3.266556188464164734e-02,-1.723840832710266113e-01,1.521672867238521576e-02,3.461282551288604736e-01,-3.340763449668884277e-01,2.806078195571899414e-01,-1.394895553588867188e+00,-3.337911039902330401e-02,-1.665140764476991109e-01,1.850156404974434565e-02,3.465705348287162479e-01,-3.355077439536131578e-01,2.904936293583570972e-01,-1.324292362859539551e+00,2.570302933454513550e-01,2.905577352643012867e-01,2.616927957534790350e-01,1.000000000000000000e+00
1.788370407081828833e+09,-3.267398476600646973e-02,-1.724846959114074707e-01,1.461138483136892319e-02,3.449928164482116699e-01,-3.338962495326995850e-01,2.804003059864044189e-01,-1.397446513175964355e+00,-3.337911039902330401e-02,-1.665140764476991109e-01,1.850156404974434565e-02,3.465705348287162479e-01,-3.351262684061957486e-01,2.889677271686874604e-01,-1.324292362859539551e+00,2.566701507568359131e-01,2.911535721272230370e-01,2.616361737251282071e-01,1.000000000000000000e+00
1.788370407327790737e+09,-3.294139355421066284e-02,-1.724850982427597046e-01,1.384458411484956741e-02,3.437018394470214844e-01,-3.339349627494812012e-01,2.802168428897857666e-01,-1.398937463760375977e+00,-3.337911039902330401e-02,-1.665140764476991109e-01,1.850156404974434565e-02,3.465705348287162479e-01,-3.351262684061957486e-01,2.882047760738526421e-01,-1.324673838406956961e+00,2.570561367273330733e-01,2.911301358789205596e-01,2.614106559753417991e-01,1.000000000000000000e+00
1.788370407578121424e+09,-3.345108777284622192e-02,-1.725048720836639404e-01,1.337338332086801529e-02,3.425655663013458252e-01,-3.337172865867614746e-01,2.799144089221954346e-01,-1.399090886116027832e+00,-3.337911039902330401e-02,-1.665140764476991109e-01,1.850156404974434565e-02,3.461890592812988388e-01,-3.351262684061957486e-01,2.882047760738526421e-01,-1.326962691691461416e+00,2.571917068958282093e-01,2.911909811198711284e-01,2.612084138393402366e-01,1.000000000000000000e+00
1.788370407828471661e+09,-3.383802622556686401e-02,-1.724832952022552490e-01,1.298271492123603821e-02,3.410237431526184082e-01,-3.336170911788940430e-01,2.794792950153350830e-01,-1.401213288307189941e+00,-3.337911039902330401e-02,-1.665140764476991109e-01,1.850156404974434565e-02,3.461890592812988388e-01,-3.351262684061957486e-01,2.878233005264352329e-01,-1.327344167238878825e+00,2.572113668918609708e-01,2.913107759505510486e-01,2.611108005046844927e-01,1.000000000000000000e+00
1.788370408080103636e+09,-3.441349044442176819e-02,-1.724577397108078003e-01,1.325255259871482849e-02,3.398045301437377930e-01,-3.328825533390045166e-01,2.791160345077514648e-01,-1.402451515197753906e+00,-3.337911039902330401e-02,-1.665140764476991109e-01,1.850156404974434565e-02,3.385595483329506550e-01,-3.351262684061957486e-01,2.878233005264352329e-01,-1.327725642786296234e+00,2.571058189868926647e-01,2.891082898527383982e-01,2.621178150177002064e-01,1.000000000000000000e+00
1.788370408329085588e+09,-3.491242602467536926e-02,-1.725520342588424683e-01,1.373610738664865494e-02,3.393115699291229248e-01,-3.316538035869598389e-01,2.790039777755737305e-01,-1.402911901473999023e+00,-3.337911039902330401e-02,-1.665140764476991109e-01,1.850156404974434565e-02,3.370336461432810182e-01,-3.347447928587783395e-01,2.878233005264352329e-01,-1.328107118333713643e+00,2.561444044113159180e-01,2.890056665241718115e-01,2.627953124046326083e-01,1.000000000000000000e+00
1.788370408579843760e+09,-3.497922420501708984e-02,-1.726557165384292603e-01,1.338468026369810104e-02,3.389739394187927246e-01,-3.310219049453735352e-01,2.788704931735992432e-01,-1.404009103775024414e+00,-3.337911039902330401e-02,-1.665140764476991109e-01,1.850156404974434565e-02,3.370336461432810182e-01,-3.328374151216912935e-01,2.874418249790178237e-01,-1.332684824902722553e+00,2.557094722986220647e-01,2.905282629281282780e-01,2.624579012393951638e-01,1.000000000000000000e+00
1.788370408829581261e+09,-3.486720472574234009e-02,-1.726384609937667847e-01,1.280296407639980316e-02,3.380976915359497070e-01,-3.307777643203735352e-01,2.785927653312683105e-01,-1.406493306159973145e+00,-3.337911039902330401e-02,-1.665140764476991109e-01,1.850156404974434565e-02,3.370336461432810182e-01,-3.328374151216912935e-01,2.874418249790178237e-01,-1.335355153734644418e+00,2.566990971565246138e-01,2.900731591135263798e-01,2.619505321979522794e-01,1.000000000000000000e+00
1.788370409081282616e+09,-3.509633243083953857e-02,-1.726670265197753906e-01,1.259254198521375656e-02,3.373807072639465332e-01,-3.303071856498718262e-01,2.784195542335510254e-01,-1.406762003898620605e+00,-3.337911039902330401e-02,-1.665140764476991109e-01,1.850156404974434565e-02,3.370336461432810182e-01,-3.328374151216912935e-01,2.874418249790178237e-01,-1.335736629282061827e+00,2.567255294322967618e-01,2.901857966929674015e-01,2.618111145496368475e-01,1.000000000000000000e+00
1.788370409330180168e+09,-3.526191785931587219e-02,-1.727126687765121460e-01,1.261402014642953873e-02,3.361700475215911865e-01,-3.297877609729766846e-01,2.780235111713409424e-01,-1.408492803573608398e+00,-3.337911039902330401e-02,-1.668955519951165201e-01,1.850156404974434565e-02,3.370336461432810182e-01,-3.324559395742738843e-01,2.870603494316004145e-01,-1.343366140230410011e+00,2.574608200788497392e-01,2.905102259665727771e-01,2.610749626159667991e-01,1.000000000000000000e+00
1.788370409582704306e+09,-3.563685715198516846e-02,-1.728337705135345459e-01,1.258849073201417923e-02,3.346082270145416260e-01,-3.293289244174957275e-01,2.773231863975524902e-01,-1.409517765045166016e+00,-3.337911039902330401e-02,-1.668955519951165201e-01,1.850156404974434565e-02,3.370336461432810182e-01,-3.324559395742738843e-01,2.862973983367655961e-01,-1.345654993514914466e+00,2.575123369693755881e-01,2.909866343438625158e-01,2.607073915004730624e-01,1.000000000000000000e+00
1.788370409832613230e+09,-3.616696223616600037e-02,-1.729815006256103516e-01,1.246935036033391953e-02,3.327691555023193359e-01,-3.290427923202514648e-01,2.765829563140869141e-01,-1.410846471786499023e+00,-3.337911039902330401e-02,-1.668955519951165201e-01,1.850156404974434565e-02,3.343633173113591539e-01,-3.324559395742738843e-01,2.836270695048437318e-01,-1.346036469062331875e+00,2.573600512742996171e-01,2.907577129453420839e-01,2.608011758327484220e-01,1.000000000000000000e+00
1.788370410082772970e+09,-3.680775314569473267e-02,-1.729214787483215332e-01,1.227982155978679657e-02,3.308297395706176758e-01,-3.288931846618652344e-01,2.759638428688049316e-01,-1.412669062614440918e+00,-3.376058594644071320e-02,-1.668955519951165201e-01,1.850156404974434565e-02,3.343633173113591539e-01,-3.324559395742738843e-01,2.832455939574263226e-01,-1.346036469062331875e+00,2.574014210700988903e-01,2.908915075659752048e-01,2.607614696025848389e-01,1.000000000000000000e+00
1.788370410331129789e+09,-3.772661462426185608e-02,-1.726172566413879395e-01,1.221667509526014328e-02,3.292492330074310303e-01,-3.287052214145660400e-01,2.756054103374481201e-01,-1.413784980773925781e+00,-3.376058594644071320e-02,-1.676585030899513384e-01,1.544975967040507214e-02,3.332188906691069263e-01,-3.320744640268564751e-01,2.809567406729218675e-01,-1.346036469062331875e+00,2.574279439449310147e-01,2.887821026146412118e-01,2.616108131408691473e-01,1.000000000000000000e+00
1.788370410581463575e+09,-3.868095576763153076e-02,-1.723748147487640381e-01,1.362902484834194183e-02,3.280670642852783203e-01,-3.271878361701965332e-01,2.753281593322753906e-01,-1.415611982345581055e+00,-3.376058594644071320e-02,-1.695658808270383844e-01,1.544975967040507214e-02,3.271152819104283793e-01,-3.320744640268564751e-01,2.759975585564955480e-01,-1.346417944609749284e+00,2.584451222419738570e-01,2.856475093215704031e-01,2.622474765777588201e-01,1.000000000000000000e+00
1.788370410831979036e+09,-3.945904597640037537e-02,-1.723663210868835449e-01,1.508060842752456665e-02,3.273771405220031738e-01,-3.253546655178070068e-01,2.752547562122344971e-01,-1.416178941726684570e+00,-3.452353704127553158e-02,-1.695658808270383844e-01,1.544975967040507214e-02,3.267338063630109701e-01,-3.316929884794390659e-01,2.691309987029821826e-01,-1.346799420157166693e+00,2.573752945661544889e-01,2.875533542782068297e-01,2.619155204296111927e-01,1.000000000000000000e+00
1.788370411092461586e+09,-3.990749642252922058e-02,-1.724700331687927246e-01,1.462197583168745041e-02,3.262598216533660889e-01,-3.252151608467102051e-01,2.751719653606414795e-01,-1.417247533798217773e+00,-3.604943923094516833e-02,-1.695658808270383844e-01,1.544975967040507214e-02,3.267338063630109701e-01,-3.248264286259257005e-01,2.687495231555647734e-01,-1.347180895704584103e+00,2.573380357027053589e-01,2.901661492884159421e-01,2.613365542888641535e-01,1.000000000000000000e+00
1.788370411332805634e+09,-4.042848199605941772e-02,-1.723730862140655518e-01,1.325536612421274185e-02,3.247280418872833252e-01,-3.259513378143310547e-01,2.749393880367279053e-01,-1.418297290802001953e+00,-3.604943923094516833e-02,-1.695658808270383844e-01,1.544975967040507214e-02,3.267338063630109701e-01,-3.248264286259257005e-01,2.687495231555647734e-01,-1.352903028915845240e+00,2.580409032106399381e-01,2.904909965395927607e-01,2.606507301330566739e-01,1.000000000000000000e+00
1.788370411582509756e+09,-4.119269177317619324e-02,-1.722675412893295288e-01,1.212779805064201355e-02,3.232963681221008301e-01,-3.265080153942108154e-01,2.748430669307708740e-01,-1.418354153633117676e+00,-3.604943923094516833e-02,-1.695658808270383844e-01,1.544975967040507214e-02,3.236820019836716966e-01,-3.248264286259257005e-01,2.687495231555647734e-01,-1.352903028915845240e+00,2.576867288351059049e-01,2.898337317258119494e-01,2.610741496086120828e-01,1.000000000000000000e+00
1.788370411832649708e+09,-4.193768650293350220e-02,-1.720420420169830322e-01,1.128894742578268051e-02,3.219939768314361572e-01,-3.267523050308227539e-01,2.746043801307678223e-01,-1.418945550918579102e+00,-3.643091477836257752e-02,-1.695658808270383844e-01,1.544975967040507214e-02,3.217746242465846507e-01,-3.248264286259257005e-01,2.687495231555647734e-01,-1.352903028915845240e+00,2.575069123506545932e-01,2.894254389405250816e-01,2.614096069335937744e-01,1.000000000000000000e+00
1.788370412087174416e+09,-4.255399107933044434e-02,-1.717195361852645874e-01,1.065975055098533630e-02,3.207996487617492676e-01,-3.268430233001708984e-01,2.744521498680114746e-01,-1.420247793197631836e+00,-3.643091477836257752e-02,-1.695658808270383844e-01,1.544975967040507214e-02,3.217746242465846507e-01,-3.248264286259257005e-01,2.687495231555647734e-01,-1.352903028915845240e+00,2.574873882532119351e-01,2.894002201408147901e-01,2.614447629451751576e-01,1.000000000000000000e+00
1.788370412333249331e+09,-4.315403476357460022e-02,-1.715834438800811768e-01,1.023526582866907120e-02,3.198279142379760742e-01,-3.268167972564697266e-01,2.742247581481933594e-01,-1.420656561851501465e+00,-3.643091477836257752e-02,-1.695658808270383844e-01,1.544975967040507214e-02,3.217746242465846507e-01,-3.248264286259257005e-01,2.687495231555647734e-01,-1.353284504463262650e+00,2.575243753194808582e-01,2.894199658930301511e-01,2.614065778255462713e-01,1.000000000000000000e+00
1.788370412583550930e+09,-4.407697916030883789e-02,-1.707430779933929443e-01,1.250149495899677277e-02,3.192210793495178223e-01,-3.243603408336639404e-01,2.737854421138763428e-01,-1.421561121940612793e+00,-3.643091477836257752e-02,-1.695658808270383844e-01,9.346150911726525123e-03,3.202487220569150139e-01,-3.248264286259257005e-01,2.687495231555647734e-01,-1.353284504463262650e+00,2.611119282245635831e-01,2.816847524791956103e-01,2.620677626132965621e-01,1.000000000000000000e+00
1.788370412834295034e+09,-4.477835446596145630e-02,-1.706401407718658447e-01,1.558207068592309952e-02,3.186080455780029297e-01,-3.210497796535491943e-01,2.731795608997344971e-01,-1.422889471054077148e+00,-3.833829251544962347e-02,-1.695658808270383844e-01,8.964675364309115935e-03,3.202487220569150139e-01,-3.248264286259257005e-01,2.687495231555647734e-01,-1.353284504463262650e+00,2.591326671838760087e-01,2.855842766910791641e-01,2.619599473476409979e-01,1.000000000000000000e+00
1.788370413085840464e+09,-4.527663066983222961e-02,-1.707112640142440796e-01,1.730309054255485535e-02,3.179682791233062744e-01,-3.187935650348663330e-01,2.728130221366882324e-01,-1.423081159591674805e+00,-3.910124361028444184e-02,-1.695658808270383844e-01,9.346150911726525123e-03,3.198672465094976047e-01,-3.248264286259257005e-01,2.687495231555647734e-01,-1.353284504463262650e+00,2.594224935770034213e-01,2.855290249735117358e-01,2.618502044677734619e-01,1.000000000000000000e+00
1.788370413335382223e+09,-4.567536339163780212e-02,-1.710725575685501099e-01,1.875613071024417877e-02,3.172807395458221436e-01,-3.166999220848083496e-01,2.724867165088653564e-01,-1.423562169075012207e+00,-3.910124361028444184e-02,-1.695658808270383844e-01,9.346150911726525123e-03,3.168154421301583312e-01,-3.244449530785082914e-01,2.687495231555647734e-01,-1.353284504463262650e+00,2.596921503543853094e-01,2.846230880916118533e-01,2.620212244987488170e-01,1.000000000000000000e+00
1.788370413585143089e+09,-4.590258374810218811e-02,-1.712819784879684448e-01,1.968657039105892181e-02,3.166881203651428223e-01,-3.149683475494384766e-01,2.724491655826568604e-01,-1.424833655357360840e+00,-3.910124361028444184e-02,-1.695658808270383844e-01,9.346150911726525123e-03,3.152895399404886945e-01,-3.240634775310908822e-01,2.687495231555647734e-01,-1.353284504463262650e+00,2.587854576110839577e-01,2.846906652301550156e-01,2.626035737991333496e-01,1.000000000000000000e+00
1.788370413835105181e+09,-4.605054482817649841e-02,-1.713815331459045410e-01,1.899145543575286865e-02,3.162115216255187988e-01,-3.146837949752807617e-01,2.725250720977783203e-01,-1.425050735473632812e+00,-3.910124361028444184e-02,-1.695658808270383844e-01,9.346150911726525123e-03,3.152895399404886945e-01,-3.168154421301601076e-01,2.687495231555647734e-01,-1.353284504463262650e+00,2.581674474477767545e-01,2.871318435668945290e-01,2.622462046146393222e-01,1.000000000000000000e+00
1.788370414088793516e+09,-4.620991274714469910e-02,-1.714825332164764404e-01,1.726355962455272675e-02,3.155899643898010254e-01,-3.154886364936828613e-01,2.725442945957183838e-01,-1.425380110740661621e+00,-3.910124361028444184e-02,-1.695658808270383844e-01,9.346150911726525123e-03,3.152895399404886945e-01,-3.160524910353252892e-01,2.683680476081473643e-01,-1.353665980010680059e+00,2.582708323001861039e-01,2.872794019430875978e-01,2.622543346881866522e-01,1.000000000000000000e+00
1.788370414335812330e+09,-4.640451073646545410e-02,-1.713864505290985107e-01,1.547605916857719421e-02,3.149574697017669678e-01,-3.163883388042449951e-01,2.724702954292297363e-01,-1.426161527633666992e+00,-3.910124361028444184e-02,-1.695658808270383844e-01,9.346150911726525123e-03,3.152895399404886945e-01,-3.160524910353252892e-01,2.683680476081473643e-01,-1.353665980010680059e+00,2.582881367206573131e-01,2.872743542492389723e-01,2.622455358505249023e-01,1.000000000000000000e+00
1.788370414585649729e+09,-4.671414569020271301e-02,-1.712812185287475586e-01,1.397628523409366608e-02,3.145265579223632812e-01,-3.170426487922668457e-01,2.723107039928436279e-01,-1.425958991050720215e+00,-3.910124361028444184e-02,-1.695658808270383844e-01,9.346150911726525123e-03,3.152895399404886945e-01,-3.160524910353252892e-01,2.683680476081473643e-01,-1.353665980010680059e+00,2.582891786098480136e-01,2.872755295038223466e-01,2.622437000274658314e-01,1.000000000000000000e+00
1.788370414835884571e+09,-4.689889401197433472e-02,-1.709925383329391479e-01,1.268505211919546127e-02,3.138366937637329102e-01,-3.175919055938720703e-01,2.722487151622772217e-01,-1.427260518074035645e+00,-3.948271915770185103e-02,-1.695658808270383844e-01,9.346150911726525123e-03,3.152895399404886945e-01,-3.160524910353252892e-01,2.683680476081473643e-01,-1.353665980010680059e+00,2.583582150936126753e-01,2.873870828002691447e-01,2.621825146675110241e-01,1.000000000000000000e+00
1.788370415091246843e+09,-4.715857282280921936e-02,-1.709406226873397827e-01,1.182545814663171768e-02,3.131752014160156250e-01,-3.178103268146514893e-01,2.720982432365417480e-01,-1.428011059761047363e+00,-3.948271915770185103e-02,-1.695658808270383844e-01,9.346150911726525123e-03,3.133821622034016485e-01,-3.160524910353252892e-01,2.683680476081473643e-01,-1.353665980010680059e+00,2.582562458515166859e-01,2.868784409761429011e-01,2.624455881118774592e-01,1.000000000000000000e+00
1.788370415336516619e+09,-4.741889983415603638e-02,-1.707288026809692383e-01,1.103905960917472839e-02,3.125939071178436279e-01,-3.180449604988098145e-01,2.718907296657562256e-01,-1.428884029388427734e+00,-4.215304798962371535e-02,-1.695658808270383844e-01,9.346150911726525123e-03,3.118562600137320118e-01,-3.160524910353252892e-01,2.683680476081473643e-01,-1.353665980010680059e+00,2.581730985641479403e-01,2.876035115867853209e-01,2.625159657001495672e-01,1.000000000000000000e+00
1.788370415587805748e+09,-4.773785546422004700e-02,-1.707079410552978516e-01,1.024269871413707733e-02,3.115056157112121582e-01,-3.184519410133361816e-01,2.713135778903961182e-01,-1.429825305938720703e+00,-4.940108339055448994e-02,-1.695658808270383844e-01,9.346150911726525123e-03,3.107118333714797842e-01,-3.164339665827426984e-01,2.683680476081473643e-01,-1.354047455558097468e+00,2.594621193408965798e-01,2.893404075503349659e-01,2.614942121505737793e-01,1.000000000000000000e+00
1.788370415843668938e+09,-4.837170988321304321e-02,-1.706061959266662598e-01,9.633369743824005127e-03,3.098799884319305420e-01,-3.188121616840362549e-01,2.701984047889709473e-01,-1.430264949798583984e+00,-5.016403448538930832e-02,-1.695658808270383844e-01,9.346150911726525123e-03,3.107118333714797842e-01,-3.164339665827426984e-01,2.683680476081473643e-01,-1.354047455558097468e+00,2.599184441566466663e-01,2.894363579899073002e-01,2.609837484359741611e-01,1.000000000000000000e+00
1.788370416089101315e+09,-4.923857003450393677e-02,-1.705496907234191895e-01,9.293309412896633148e-03,3.080778121948242188e-01,-3.189463615417480469e-01,2.688905298709869385e-01,-1.430614948272705078e+00,-5.016403448538930832e-02,-1.695658808270383844e-01,9.346150911726525123e-03,3.088044556343927383e-01,-3.164339665827426984e-01,2.683680476081473643e-01,-1.354047455558097468e+00,2.596909499168396085e-01,2.890294248610735250e-01,2.612594890594482910e-01,1.000000000000000000e+00
1.788370416341676950e+09,-5.017195641994476318e-02,-1.705549210309982300e-01,9.129941463470458984e-03,3.063102960586547852e-01,-3.189719021320343018e-01,2.676250338554382324e-01,-1.431068539619445801e+00,-5.016403448538930832e-02,-1.695658808270383844e-01,9.346150911726525123e-03,3.088044556343927383e-01,-3.164339665827426984e-01,2.683680476081473643e-01,-1.354047455558097468e+00,2.596768730878830089e-01,2.889707580208778492e-01,2.613149964809418080e-01,1.000000000000000000e+00
1.788370416589283466e+09,-5.106847360730171204e-02,-1.705503463745117188e-01,8.739020675420761108e-03,3.046648800373077393e-01,-3.192388713359832764e-01,2.667066454887390137e-01,-1.431725144386291504e+00,-5.016403448538930832e-02,-1.695658808270383844e-01,9.346150911726525123e-03,3.057526512550534648e-01,-3.164339665827426984e-01,2.645532921339732724e-01,-1.354428931105514877e+00,2.591684424877166437e-01,2.890088701993226983e-01,2.614848232269287309e-01,1.000000000000000000e+00
1.788370416838537455e+09,-5.190764740109443665e-02,-1.704714894294738770e-01,8.573990315198898315e-03,3.031423091888427734e-01,-3.192442953586578369e-01,2.660261988639831543e-01,-1.432478308677673340e+00,-5.054551003280671750e-02,-1.695658808270383844e-01,9.346150911726525123e-03,3.023193713282967821e-01,-3.164339665827426984e-01,2.641718165865558632e-01,-1.361295490959028243e+00,2.598167693614959473e-01,2.885260249674320154e-01,2.611990773677825839e-01,1.000000000000000000e+00
1.788370417095182896e+09,-5.267134681344032288e-02,-1.704466342926025391e-01,8.479838259518146515e-03,3.016718029975891113e-01,-3.191862106323242188e-01,2.654564678668975830e-01,-1.433180212974548340e+00,-5.054551003280671750e-02,-1.695658808270383844e-01,9.346150911726525123e-03,3.023193713282967821e-01,-3.164339665827426984e-01,2.630273899443036356e-01,-1.361295490959028243e+00,2.594820398092269609e-01,2.889438033849001108e-01,2.611531293392181929e-01,1.000000000000000000e+00
1.788370417339642286e+09,-5.338595435023307800e-02,-1.704387068748474121e-01,8.273755200207233429e-03,3.002606332302093506e-01,-3.192359805107116699e-01,2.650282382965087891e-01,-1.433789134025573730e+00,-5.054551003280671750e-02,-1.695658808270383844e-01,9.346150911726525123e-03,3.023193713282967821e-01,-3.164339665827426984e-01,2.618829633020514080e-01,-1.361295490959028243e+00,2.596475189924239979e-01,2.890179747343063488e-01,2.610061454772949485e-01,1.000000000000000000e+00
1.788370417589423180e+09,-5.406288057565689087e-02,-1.704364866018295288e-01,8.160373196005821228e-03,2.989677190780639648e-01,-3.192110955715179443e-01,2.646857500076293945e-01,-1.434408545494079590e+00,-5.092698558022412669e-02,-1.695658808270383844e-01,9.346150911726525123e-03,3.007934691386271453e-01,-3.164339665827426984e-01,2.618829633020514080e-01,-1.361295490959028243e+00,2.595284718275069902e-01,2.887756608426571003e-01,2.611938714981079102e-01,1.000000000000000000e+00
1.788370417839631319e+09,-5.471370369195938110e-02,-1.704854369163513184e-01,8.110413327813148499e-03,2.977212965488433838e-01,-3.191547989845275879e-01,2.642636597156524658e-01,-1.434829831123352051e+00,-5.321583886472858183e-02,-1.695658808270383844e-01,9.346150911726525123e-03,3.004119935912097361e-01,-3.164339665827426984e-01,2.618829633020514080e-01,-1.361676966506445652e+00,2.599280929565429554e-01,2.893626710027456528e-01,2.608693635463714688e-01,1.000000000000000000e+00
1.788370418093796015e+09,-5.537411943078041077e-02,-1.705963760614395142e-01,8.082590997219085693e-03,2.964768111705780029e-01,-3.191167414188385010e-01,2.636891007423400879e-01,-1.435028433799743652e+00,-5.321583886472858183e-02,-1.695658808270383844e-01,9.346150911726525123e-03,3.004119935912097361e-01,-3.164339665827426984e-01,2.618829633020514080e-01,-1.361676966506445652e+00,2.599486589431762029e-01,2.894015207886695973e-01,2.607988810539245694e-01,1.000000000000000000e+00
1.788370418340165138e+09,-5.602618679404258728e-02,-1.707239449024200439e-01,8.066327311098575592e-03,2.953004240989685059e-01,-3.190848231315612793e-01,2.630735337734222412e-01,-1.435147285461425781e+00,-5.321583886472858183e-02,-1.695658808270383844e-01,9.346150911726525123e-03,3.004119935912097361e-01,-3.164339665827426984e-01,2.618829633020514080e-01,-1.361676966506445652e+00,2.599504029750823730e-01,2.894056489318609371e-01,2.607966649532318382e-01,1.000000000000000000e+00
1.788370418590486526e+09,-5.664507672190666199e-02,-1.708122640848159790e-01,8.750721812248229980e-03,2.944580316543579102e-01,-3.183251619338989258e-01,2.626055181026458740e-01,-1.435774326324462891e+00,-5.321583886472858183e-02,-1.695658808270383844e-01,9.346150911726525123e-03,2.924010070954441431e-01,-3.164339665827426984e-01,2.615014877546339989e-01,-1.361676966506445652e+00,2.600273215770720903e-01,2.870586778223514490e-01,2.616872751712799317e-01,1.000000000000000000e+00
1.788370418840516329e+09,-5.695262923836708069e-02,-1.709695756435394287e-01,9.500746615231037140e-03,2.940463721752166748e-01,-3.173106014728546143e-01,2.626060545444488525e-01,-1.437124609947204590e+00,-5.321583886472858183e-02,-1.695658808270383844e-01,9.346150911726525123e-03,2.904936293583570972e-01,-3.164339665827426984e-01,2.615014877546339989e-01,-1.361676966506445652e+00,2.586906683444976651e-01,2.870208410173654690e-01,2.625752234458923473e-01,1.000000000000000000e+00
1.788370419097276688e+09,-5.723418295383453369e-02,-1.709935814142227173e-01,9.811228141188621521e-03,2.940663099288940430e-01,-3.164346516132354736e-01,2.626654505729675293e-01,-1.436801195144653320e+00,-5.321583886472858183e-02,-1.695658808270383844e-01,9.346150911726525123e-03,2.901121538109396880e-01,-3.164339665827426984e-01,2.615014877546339989e-01,-1.361676966506445652e+00,2.586563879251480014e-01,2.868325863778591334e-01,2.627583074569702637e-01,1.000000000000000000e+00
1.788370419342369080e+09,-5.745381861925125122e-02,-1.711406856775283813e-01,9.898341260850429535e-03,2.934908568859100342e-01,-3.156676292419433594e-01,2.626108527183532715e-01,-1.438034176826477051e+00,-5.321583886472858183e-02,-1.695658808270383844e-01,9.346150911726525123e-03,2.901121538109396880e-01,-3.164339665827426984e-01,2.615014877546339989e-01,-1.361676966506445652e+00,2.586506688594817915e-01,2.868233416974544925e-01,2.627670013904571666e-01,1.000000000000000000e+00
1.788370419592633963e+09,-5.759945511817932129e-02,-1.713019907474517822e-01,9.934985078871250153e-03,2.932248413562774658e-01,-3.149911761283874512e-01,2.626009881496429443e-01,-1.438408136367797852e+00,-5.321583886472858183e-02,-1.695658808270383844e-01,9.346150911726525123e-03,2.901121538109396880e-01,-3.164339665827426984e-01,2.615014877546339989e-01,-1.361676966506445652e+00,2.586505442857741643e-01,2.868227147310972169e-01,2.627675652503967396e-01,1.000000000000000000e+00
1.788370419843009949e+09,-5.782430991530418396e-02,-1.714544594287872314e-01,9.937054477632045746e-03,2.927885055541992188e-01,-3.143780827522277832e-01,2.626047730445861816e-01,-1.438867092132568359e+00,-5.321583886472858183e-02,-1.695658808270383844e-01,9.346150911726525123e-03,2.901121538109396880e-01,-3.164339665827426984e-01,2.615014877546339989e-01,-1.361676966506445652e+00,2.586505103111266801e-01,2.868227024376392431e-01,2.627675914764404652e-01,1.000000000000000000e+00
1.788370420096955061e+09,-5.807534605264663696e-02,-1.715460121631622314e-01,9.826726280152797699e-03,2.917714118957519531e-01,-3.139216005802154541e-01,2.625440955162048340e-01,-1.440280318260192871e+00,-5.359731441214599101e-02,-1.695658808270383844e-01,9.346150911726525123e-03,2.901121538109396880e-01,-3.164339665827426984e-01,2.615014877546339989e-01,-1.361676966506445652e+00,2.587180292606353627e-01,2.869346761703491233e-01,2.627063930034637673e-01,1.000000000000000000e+00
1.788370420343444824e+09,-5.849808827042579651e-02,-1.716667264699935913e-01,9.782167151570320129e-03,2.912249565124511719e-01,-3.134598135948181152e-01,2.624666392803192139e-01,-1.439767479896545410e+00,-5.359731441214599101e-02,-1.695658808270383844e-01,9.346150911726525123e-03,2.901121538109396880e-01,-3.164339665827426984e-01,2.615014877546339989e-01,-1.361676966506445652e+00,2.587224006652831809e-01,2.869403164088726310e-01,2.626945126056671187e-01,1.000000000000000000e+00
1.788370420594166756e+09,-5.886332690715789795e-02,-1.717969179153442383e-01,9.487064555287361145e-03,2.903069257736206055e-01,-3.133535385131835938e-01,2.622973620891571045e-01,-1.440588593482971191e+00,-5.550469214923303696e-02,-1.695658808270383844e-01,9.346150911726525123e-03,2.893492027161048696e-01,-3.160524910353252892e-01,2.615014877546339989e-01,-1.361676966506445652e+00,2.586824464797973233e-01,2.877341443300247548e-01,2.626697814464569181e-01,1.000000000000000000e+00
1.788370420844042063e+09,-5.892292037606239319e-02,-1.718291640281677246e-01,9.131680242717266083e-03,2.898769378662109375e-01,-3.133597075939178467e-01,2.620953023433685303e-01,-1.441623091697692871e+00,-5.588616769665044615e-02,-1.695658808270383844e-01,9.346150911726525123e-03,2.893492027161048696e-01,-3.160524910353252892e-01,2.615014877546339989e-01,-1.362058442053863061e+00,2.590835511684417281e-01,2.875699602812528677e-01,2.623727190494537509e-01,1.000000000000000000e+00
1.788370421096668720e+09,-5.889502167701721191e-02,-1.717895865440368652e-01,8.942713029682636261e-03,2.894938588142395020e-01,-3.132862448692321777e-01,2.619589865207672119e-01,-1.442339062690734863e+00,-5.588616769665044615e-02,-1.695658808270383844e-01,9.346150911726525123e-03,2.893492027161048696e-01,-3.160524910353252892e-01,2.615014877546339989e-01,-1.368925001907378203e+00,2.596370208263396595e-01,2.880999656766652928e-01,2.616386389732361373e-01,1.000000000000000000e+00
1.788370421345586061e+09,-5.892481282353401184e-02,-1.718060374259948730e-01,8.969351649284362793e-03,2.890588045120239258e-01,-3.131339251995086670e-01,2.616900205612182617e-01,-1.442591428756713867e+00,-5.588616769665044615e-02,-1.695658808270383844e-01,9.346150911726525123e-03,2.893492027161048696e-01,-3.160524910353252892e-01,2.615014877546339989e-01,-1.368925001907378203e+00,2.597844254970550493e-01,2.880843775719404420e-01,2.614949727058411000e-01,1.000000000000000000e+00
1.788370421595335245e+09,-5.901836231350898743e-02,-1.719001531600952148e-01,9.055204689502716064e-03,2.886431217193603516e-01,-3.128818869590759277e-01,2.613341212272644043e-01,-1.442606091499328613e+00,-5.588616769665044615e-02,-1.695658808270383844e-01,9.346150911726525123e-03,2.893492027161048696e-01,-3.160524910353252892e-01,2.615014877546339989e-01,-1.368925001907378203e+00,2.597608923912048118e-01,2.881009196490049717e-01,2.614906191825867032e-01,1.000000000000000000e+00
1.788370421847139120e+09,-5.914608016610145569e-02,-1.720298975706100464e-01,9.113447740674018860e-03,2.882752716541290283e-01,-3.126046657562255859e-01,2.609589397907257080e-01,-1.442524075508117676e+00,-5.588616769665044615e-02,-1.695658808270383844e-01,9.346150911726525123e-03,2.893492027161048696e-01,-3.160524910353252892e-01,2.615014877546339989e-01,-1.368925001907378203e+00,2.597610849142074629e-01,2.880998943746090335e-01,2.614923501014709828e-01,1.000000000000000000e+00
1.788370422101515532e+09,-5.927497521042823792e-02,-1.721646040678024292e-01,9.058265946805477142e-03,2.879181206226348877e-01,-3.124345541000366211e-01,2.605969607830047607e-01,-1.442369103431701660e+00,-5.588616769665044615e-02,-1.695658808270383844e-01,9.346150911726525123e-03,2.893492027161048696e-01,-3.156710154879078800e-01,2.615014877546339989e-01,-1.368925001907378203e+00,2.597346866130828547e-01,2.883797746151685604e-01,2.613276636600494474e-01,1.000000000000000000e+00
1.788370422347042561e+09,-5.942780151963233948e-02,-1.721665561199188232e-01,8.629746735095977783e-03,2.875542938709259033e-01,-3.127112984657287598e-01,2.603390216827392578e-01,-1.442125201225280762e+00,-5.588616769665044615e-02,-1.695658808270383844e-01,9.346150911726525123e-03,2.893492027161048696e-01,-3.130006866559860157e-01,2.615014877546339989e-01,-1.368925001907378203e+00,2.594923794269561323e-01,2.891233837604522683e-01,2.613585054874420499e-01,1.000000000000000000e+00
1.788370422598682880e+09,-5.960696563124656677e-02,-1.721015274524688721e-01,7.924604229629039764e-03,2.872371971607208252e-01,-3.131669163703918457e-01,2.601861059665679932e-01,-1.441859006881713867e+00,-5.588616769665044615e-02,-1.695658808270383844e-01,9.346150911726525123e-03,2.893492027161048696e-01,-3.130006866559860157e-01,2.615014877546339989e-01,-1.368925001907378203e+00,2.595394229888915438e-01,2.890923354029655279e-01,2.613620460033416748e-01,1.000000000000000000e+00
1.788370422847057581e+09,-5.978927016258239746e-02,-1.720159947872161865e-01,7.264174986630678177e-03,2.869829237461090088e-01,-3.135276436805725098e-01,2.600575387477874756e-01,-1.441626667976379395e+00,-5.588616769665044615e-02,-1.695658808270383844e-01,9.346150911726525123e-03,2.893492027161048696e-01,-3.130006866559860157e-01,2.615014877546339989e-01,-1.368925001907378203e+00,2.595415067672729448e-01,2.890948088467121257e-01,2.613574433326721347e-01,1.000000000000000000e+00
1.788370423098543882e+09,-5.995710194110870361e-02,-1.719021499156951904e-01,6.692560389637947083e-03,2.867793738842010498e-01,-3.137700557708740234e-01,2.599401473999023438e-01,-1.441442489624023438e+00,-5.588616769665044615e-02,-1.695658808270383844e-01,9.346150911726525123e-03,2.893492027161048696e-01,-3.130006866559860157e-01,2.615014877546339989e-01,-1.368925001907378203e+00,2.595415407419204845e-01,2.890950522571802406e-01,2.613572728633880571e-01,1.000000000000000000e+00
1.788370423347609520e+09,-6.023928150534629822e-02,-1.717835515737533569e-01,6.181704346090555191e-03,2.862436771392822266e-01,-3.139282763004302979e-01,2.598226666450500488e-01,-1.441376328468322754e+00,-5.588616769665044615e-02,-1.695658808270383844e-01,9.346150911726525123e-03,2.893492027161048696e-01,-3.130006866559860157e-01,2.611200122072165897e-01,-1.368925001907378203e+00,2.595369201898574674e-01,2.891601928323507265e-01,2.613210415840149237e-01,1.000000000000000000e+00
1.788370423597664833e+09,-6.088601797819137573e-02,-1.716418713331222534e-01,5.823347251862287521e-03,2.850601971149444580e-01,-3.139506578445434570e-01,2.596513628959655762e-01,-1.441550254821777344e+00,-5.588616769665044615e-02,-1.695658808270383844e-01,8.964675364309115935e-03,2.893492027161048696e-01,-3.130006866559860157e-01,2.611200122072165897e-01,-1.368925001907378203e+00,2.596474850177764582e-01,2.888943935185671053e-01,2.613605773448944292e-01,1.000000000000000000e+00
1.788370423848897696e+09,-6.135086342692375183e-02,-1.714974939823150635e-01,5.608314648270606995e-03,2.844420969486236572e-01,-3.139221966266632080e-01,2.594706416130065918e-01,-1.441699504852294922e+00,-5.626764324406785533e-02,-1.695658808270383844e-01,8.964675364309115935e-03,2.889677271686874604e-01,-3.130006866559860157e-01,2.611200122072165897e-01,-1.368925001907378203e+00,2.596675753593444824e-01,2.889232487231492841e-01,2.613539946079254106e-01,1.000000000000000000e+00
1.788370424104510546e+09,-6.175228953361511230e-02,-1.714172512292861938e-01,5.619961302727460861e-03,2.838669121265411377e-01,-3.136778175830841064e-01,2.592927813529968262e-01,-1.442003250122070312e+00,-5.931944762340712884e-02,-1.695658808270383844e-01,8.964675364309115935e-03,2.828641184100089134e-01,-3.130006866559860157e-01,2.611200122072165897e-01,-1.368925001907378203e+00,2.595130586624145308e-01,2.883621457964182233e-01,2.618824756145477495e-01,1.000000000000000000e+00
1.788370424348576069e+09,-6.231556087732315063e-02,-1.714098155498504639e-01,5.720292683690786362e-03,2.828699052333831787e-01,-3.132753968238830566e-01,2.590925395488739014e-01,-1.442649483680725098e+00,-5.931944762340712884e-02,-1.695658808270383844e-01,8.964675364309115935e-03,2.828641184100089134e-01,-3.130006866559860157e-01,2.611200122072165897e-01,-1.368925001907378203e+00,2.594771701097488004e-01,2.883241614699363908e-01,2.619302070140838712e-01,1.000000000000000000e+00
1.788370424599291801e+09,-6.256430596113204956e-02,-1.714399456977844238e-01,5.818614736199378967e-03,2.825238108634948730e-01,-3.129138946533203125e-01,2.589246332645416260e-01,-1.443238973617553711e+00,-5.931944762340712884e-02,-1.695658808270383844e-01,8.964675364309115935e-03,2.828641184100089134e-01,-3.130006866559860157e-01,2.611200122072165897e-01,-1.368925001907378203e+00,2.594768643379211093e-01,2.883206086605787366e-01,2.619332230091094837e-01,1.000000000000000000e+00
1.788370424854175329e+09,-6.273405253887176514e-02,-1.714959293603897095e-01,5.901308264583349228e-03,2.821295559406280518e-01,-3.126147985458374023e-01,2.587791681289672852e-01,-1.443780303001403809e+00,-5.931944762340712884e-02,-1.695658808270383844e-01,8.964675364309115935e-03,2.828641184100089134e-01,-3.130006866559860157e-01,2.611200122072165897e-01,-1.368925001907378203e+00,2.594767171144485296e-01,2.883205152302980578e-01,2.619333279132843306e-01,1.000000000000000000e+00
1.788370425103517532e+09,-6.312644481658935547e-02,-1.715630739927291870e-01,5.980474874377250671e-03,2.812317907810211182e-01,-3.123440146446228027e-01,2.586256563663482666e-01,-1.444415688514709473e+00,-5.931944762340712884e-02,-1.695658808270383844e-01,8.964675364309115935e-03,2.824826428625915042e-01,-3.130006866559860157e-01,2.611200122072165897e-01,-1.368925001907378203e+00,2.594330596923827836e-01,2.882293051481247259e-01,2.619980275630950928e-01,1.000000000000000000e+00
1.788370425350331306e+09,-6.327503919601440430e-02,-1.717380583286285400e-01,5.685711279511451721e-03,2.809275984764099121e-01,-3.124653100967407227e-01,2.584146559238433838e-01,-1.444803476333618164e+00,-6.504158083466826668e-02,-1.695658808270383844e-01,8.964675364309115935e-03,2.775234607461651848e-01,-3.126192111085686065e-01,2.607385366597991805e-01,-1.369306477454795612e+00,2.592591208219527932e-01,2.896013214439153716e-01,2.622010827064514271e-01,1.000000000000000000e+00
1.788370425601135254e+09,-6.339988857507705688e-02,-1.717784702777862549e-01,5.018477793782949448e-03,2.806106507778167725e-01,-3.129372894763946533e-01,2.577448487281799316e-01,-1.444467067718505859e+00,-6.961928740367717694e-02,-1.699473563744557936e-01,8.964675364309115935e-03,2.771419851987477756e-01,-3.091859311818119238e-01,2.607385366597991805e-01,-1.369306477454795612e+00,2.604211330413818137e-01,2.909930392354727058e-01,2.610953140258789329e-01,1.000000000000000000e+00
1.788370425851351738e+09,-6.365353614091873169e-02,-1.718852818012237549e-01,4.305290523916482925e-03,2.801736891269683838e-01,-3.134810626506805420e-01,2.565762400627136230e-01,-1.443323612213134766e+00,-6.961928740367717694e-02,-1.699473563744557936e-01,8.964675364309115935e-03,2.771419851987477756e-01,-3.091859311818119238e-01,2.603570611123817713e-01,-1.369306477454795612e+00,2.604528200626373136e-01,2.913092146813869299e-01,2.608137905597687212e-01,1.000000000000000000e+00
1.788370426103561878e+09,-6.470554322004318237e-02,-1.713794022798538208e-01,6.861739326268434525e-03,2.799200415611267090e-01,-3.110011816024780273e-01,2.546227276325225830e-01,-1.442291259765625000e+00,-6.961928740367717694e-02,-1.741435873960472946e-01,5.149919890135024048e-03,2.771419851987477756e-01,-3.091859311818119238e-01,2.538719768062858151e-01,-1.369306477454795612e+00,2.647179746627807417e-01,2.821760605275631106e-01,2.623859500885009632e-01,1.000000000000000000e+00
1.788370426351443768e+09,-6.617029756307601929e-02,-1.714568883180618286e-01,1.169882062822580338e-02,2.792552411556243896e-01,-3.063209950923919678e-01,2.520709633827209473e-01,-1.442235231399536133e+00,-6.961928740367717694e-02,-1.806286717021432509e-01,5.149919890135024048e-03,2.771419851987477756e-01,-3.076600289921422871e-01,2.534905012588684059e-01,-1.369306477454795612e+00,2.627054864168166803e-01,2.813475134223699659e-01,2.647299420833587602e-01,1.000000000000000000e+00
1.788370426601838112e+09,-6.717050820589065552e-02,-1.718365401029586792e-01,1.564026996493339539e-02,2.787019908428192139e-01,-3.022639751434326172e-01,2.497696876525878906e-01,-1.443056106567382812e+00,-6.961928740367717694e-02,-1.802471961547258417e-01,5.149919890135024048e-03,2.771419851987477756e-01,-3.061341268024726503e-01,2.531090257114509967e-01,-1.369306477454795612e+00,2.624750250577926325e-01,2.817340541630983242e-01,2.648633146286010764e-01,1.000000000000000000e+00
1.788370426851989985e+09,-6.752271950244903564e-02,-1.724094599485397339e-01,1.795878075063228607e-02,2.784271836280822754e-01,-2.995899319648742676e-01,2.480237036943435669e-01,-1.443957448005676270e+00,-6.961928740367717694e-02,-1.802471961547258417e-01,5.531395437552433236e-03,2.771419851987477756e-01,-3.053711757076378319e-01,2.492942702372769048e-01,-1.369306477454795612e+00,2.622236919403075905e-01,2.828493240475654646e-01,2.643262183666229559e-01,1.000000000000000000e+00
1.788370427102819443e+09,-6.778887659311294556e-02,-1.728996783494949341e-01,1.792501471936702728e-02,2.774603962898254395e-01,-2.991386055946350098e-01,2.469381690025329590e-01,-1.444573879241943359e+00,-6.961928740367717694e-02,-1.802471961547258417e-01,5.531395437552433236e-03,2.771419851987477756e-01,-2.981231403067070573e-01,2.462424658579376313e-01,-1.369306477454795612e+00,2.614575976133346469e-01,2.857551139593124678e-01,2.634750127792358509e-01,1.000000000000000000e+00
1.788370427355674028e+09,-6.736617535352706909e-02,-1.736074537038803101e-01,1.406660303473472595e-02,2.769466340541839600e-01,-3.022984266281127930e-01,2.468656152486801147e-01,-1.444708466529846191e+00,-6.961928740367717694e-02,-1.802471961547258417e-01,6.675822079804660802e-03,2.771419851987477756e-01,-2.981231403067070573e-01,2.462424658579376313e-01,-1.369306477454795612e+00,2.573086249828338001e-01,2.923792053014039882e-01,2.637905645370483554e-01,1.000000000000000000e+00
1.788370427605299950e+09,-6.719648838043212891e-02,-1.731721311807632446e-01,1.014850940555334091e-02,2.766597270965576172e-01,-3.055592775344848633e-01,2.466302365064620972e-01,-1.444821357727050781e+00,-6.961928740367717694e-02,-1.802471961547258417e-01,8.201724269474297557e-03,2.763790341039129572e-01,-2.981231403067070573e-01,2.462424658579376313e-01,-1.369306477454795612e+00,2.607478785514831254e-01,2.874088618904352410e-01,2.635023534297943337e-01,1.000000000000000000e+00
1.788370427858006239e+09,-6.762640923261642456e-02,-1.726215332746505737e-01,8.345882408320903778e-03,2.759593129158020020e-01,-3.069723248481750488e-01,2.463406026363372803e-01,-1.444974422454833984e+00,-6.961928740367717694e-02,-1.802471961547258417e-01,8.201724269474297557e-03,2.763790341039129572e-01,-2.985046158541244665e-01,2.462424658579376313e-01,-1.369306477454795612e+00,2.607937896251678600e-01,2.873427550494671023e-01,2.632385981082916437e-01,1.000000000000000000e+00
1.788370428103947401e+09,-6.795093417167663574e-02,-1.723748147487640381e-01,7.422327063977718353e-03,2.754887938499450684e-01,-3.076530694961547852e-01,2.461079657077789307e-01,-1.445002317428588867e+00,-6.961928740367717694e-02,-1.802471961547258417e-01,8.201724269474297557e-03,2.763790341039129572e-01,-2.985046158541244665e-01,2.462424658579376313e-01,-1.369306477454795612e+00,2.607750809192657115e-01,2.873484026640653610e-01,2.632497048377990811e-01,1.000000000000000000e+00
1.788370428355871677e+09,-6.845160573720932007e-02,-1.723098754882812500e-01,6.913814228028059006e-03,2.746265232563018799e-01,-3.080107271671295166e-01,2.458403408527374268e-01,-1.445100188255310059e+00,-6.961928740367717694e-02,-1.802471961547258417e-01,8.201724269474297557e-03,2.763790341039129572e-01,-2.985046158541244665e-01,2.462424658579376313e-01,-1.369306477454795612e+00,2.607741069793700905e-01,2.873479600995779148e-01,2.632511472702026567e-01,1.000000000000000000e+00
1.788370428604288101e+09,-6.878601759672164917e-02,-1.721695214509963989e-01,6.558913271874189377e-03,2.741288840770721436e-01,-3.082551658153533936e-01,2.456014603376388550e-01,-1.445142984390258789e+00,-6.961928740367717694e-02,-1.802471961547258417e-01,8.201724269474297557e-03,2.763790341039129572e-01,-2.985046158541244665e-01,2.462424658579376313e-01,-1.369306477454795612e+00,2.607741069793700905e-01,2.873478642106056524e-01,2.632512652873992831e-01,1.000000000000000000e+00
1.788370428855881214e+09,-6.928382068872451782e-02,-1.718934327363967896e-01,6.186826154589653015e-03,2.733213901519775391e-01,-3.084665834903717041e-01,2.454493194818496704e-01,-1.445312142372131348e+00,-6.961928740367717694e-02,-1.802471961547258417e-01,8.201724269474297557e-03,2.759975585564955480e-01,-2.985046158541244665e-01,2.458609903105202221e-01,-1.369306477454795612e+00,2.607233828306197987e-01,2.873229970037937120e-01,2.632767570018768599e-01,1.000000000000000000e+00
1.788370429107466459e+09,-6.956925988197326660e-02,-1.717413365840911865e-01,5.890787113457918167e-03,2.729172408580780029e-01,-3.086156845092773438e-01,2.453402429819107056e-01,-1.445446133613586426e+00,-6.961928740367717694e-02,-1.802471961547258417e-01,8.201724269474297557e-03,2.759975585564955480e-01,-2.985046158541244665e-01,2.458609903105202221e-01,-1.369306477454795612e+00,2.607242774963378640e-01,2.873133859783411070e-01,2.632870244979858554e-01,1.000000000000000000e+00
1.788370429354387999e+09,-6.999761611223220825e-02,-1.715000271797180176e-01,5.583136808127164841e-03,2.722060382366180420e-01,-3.087315261363983154e-01,2.452746182680130005e-01,-1.445684909820556641e+00,-6.961928740367717694e-02,-1.802471961547258417e-01,8.201724269474297557e-03,2.759975585564955480e-01,-2.985046158541244665e-01,2.458609903105202221e-01,-1.369306477454795612e+00,2.607242548465728560e-01,2.873127245903015492e-01,2.632870376110076904e-01,1.000000000000000000e+00
