t,cmd_r_aj_1,cmd_r_aj_2,cmd_r_aj_3,cmd_r_aj_4,cmd_r_aj_5,cmd_r_aj_6,cmd_r_aj_7,meas_r_aj_1,meas_r_aj_2,meas_r_aj_3,meas_r_aj_4,meas_r_aj_5,meas_r_aj_6,meas_r_aj_7,err,tip_z
1788391818.6229076,0.03713654354214668,0.40064284205436707,0.6016459465026855,0.968880295753479,0.029353097081184387,0.7042363882064819,0.4239289164543152,0.03871976806286703,0.3953994048981482,0.5968184939345402,0.9821087968261235,0.027275501640344757,0.6929503318837273,0.43583581292439355,0.013228501072644505,0.37056806683540344
1788391818.654801,0.040038250386714935,0.4055376648902893,0.6025686264038086,0.9829369187355042,0.03333224728703499,0.7045665979385376,0.4239087700843811,0.03871976806286703,0.3953994048981482,0.5968184939345402,0.9821087968261235,0.027275501640344757,0.6929503318837273,0.43583581292439355,0.011927042840012447,0.3795454204082489
1788391818.688561,0.03493241220712662,0.4046846032142639,0.6009016633033752,0.9968739748001099,0.0379512645304203,0.7041701674461365,0.42010021209716797,0.03871976806286703,0.3953994048981482,0.5968184939345402,0.9821087968261235,0.027275501640344757,0.6929503318837273,0.43583581292439355,0.015735600827225582,0.3822828531265259
1788391818.721745,0.022050773724913597,0.39636650681495667,0.5961130857467651,1.006113052368164,0.04189080372452736,0.7045515775680542,0.4138054847717285,0.03871976806286703,0.3953994048981482,0.5968184939345402,0.9821087968261235,0.027275501640344757,0.6929503318837273,0.43583581292439355,0.024004255542040553,0.37670183181762695
1788391818.7550724,0.004333319142460823,0.3799569606781006,0.587268054485321,1.0123189687728882,0.04525782912969589,0.7040666341781616,0.407414972782135,0.03871976806286703,0.3953994048981482,0.5968184939345402,0.9821087968261235,0.027275501640344757,0.6929503318837273,0.43583581292439355,0.03438644892040621,0.3653933107852936
1788391818.7888381,-0.012248126789927483,0.35720863938331604,0.5738377571105957,1.020931601524353,0.04827456548810005,0.7017214298248291,0.4046509563922882,0.03871976806286703,0.3953994048981482,0.5968184939345402,0.9821087968261235,0.027275501640344757,0.6929503318837273,0.43583581292439355,0.050967894852794515,0.35483455657958984
1788391818.8223062,-0.024378333240747452,0.3325885832309723,0.5575838088989258,1.0354647636413574,0.05016326159238815,0.7012789249420166,0.4067940413951874,0.03871976806286703,0.3953994048981482,0.5968184939345402,0.9821087968261235,0.027275501640344757,0.6929503318837273,0.43583581292439355,0.06309810130361448,0.34949976205825806
1788391818.8557348,-0.031582389026880264,0.30924493074417114,0.5391146540641785,1.0567296743392944,0.049318794161081314,0.6981424689292908,0.41292956471443176,0.03871976806286703,0.3953994048981482,0.5968184939345402,0.9821087968261235,0.027275501640344757,0.6929503318837273,0.43583581292439355,0.08615447415397703,0.3500496447086334
1788391818.8891132,-0.035195592790842056,0.2895823121070862,0.519429624080658,1.082985758781433,0.044169384986162186,0.6933231353759766,0.4211227595806122,0.03871976806286703,0.3953994048981482,0.5968184939345402,0.9821087968261235,0.027275501640344757,0.6929503318837273,0.43583581292439355,0.105817092791062,0.3548913598060608
1788391818.9235137,-0.03787114843726158,0.27414050698280334,0.49902549386024475,1.1111021041870117,0.033288225531578064,0.6859656572341919,0.42911267280578613,0.03871976806286703,0.3953994048981482,0.5968184939345402,0.9821087968261235,0.027275501640344757,0.6929503318837273,0.43583581292439355,0.1289933073608882,0.36071881651878357
1788391818.9573064,-0.04260493069887161,0.2623622417449951,0.4779512882232666,1.1380037069320679,0.015729431062936783,0.6747861504554749,0.4351426362991333,0.03871976806286703,0.3953994048981482,0.5968184939345402,0.9821087968261235,0.027275501640344757,0.6929503318837273,0.43583581292439355,0.15589491010594436,0.36406734585762024
1788391818.99062,-0.05129719525575638,0.25372976064682007,0.45691823959350586,1.1611114740371704,-0.008303089067339897,0.6591488122940063,0.4382854402065277,0.03871976806286703,0.3953994048981482,0.5968184939345402,0.9821087968261235,0.027275501640344757,0.6929503318837273,0.43583581292439355,0.1790026772110469,0.3627467751502991
1788391819.0239768,-0.06404540687799454,0.24773119390010834,0.4373650848865509,1.1785844564437866,-0.0370560884475708,0.6390693783760071,0.4385557770729065,0.03871976806286703,0.3953994048981482,0.5968184939345402,0.9821087968261235,0.027275501640344757,0.6929503318837273,0.43583581292439355,0.1964756596176631,0.3563961386680603
1788391819.0572329,-0.0792132243514061,0.24379634857177734,0.4207260310649872,1.1899477243423462,-0.06803590804338455,0.6148919463157654,0.4368276596069336,0.03871976806286703,0.3953994048981482,0.5968184939345402,0.9821087968261235,0.027275501640344757,0.6929503318837273,0.43583581292439355,0.20783892751622268,0.34642651677131653
1788391819.090703,-0.09457764029502869,0.24124391376972198,0.4080229699611664,1.1958656311035156,-0.09902147203683853,0.5867477059364319,0.43419936299324036,0.03871976806286703,0.3953994048981482,0.5968184939345402,0.9821087968261235,0.027275501640344757,0.6929503318837273,0.43583581292439355,0.21375683427739212,0.3349446952342987
1788391819.124015,-0.10799829661846161,0.23910167813301086,0.3995382487773895,1.1976701021194458,-0.12840677797794342,0.5545573234558105,0.43194493651390076,0.03871976806286703,0.3953994048981482,0.5968184939345402,0.9821087968261235,0.027275501640344757,0.6929503318837273,0.43583581292439355,0.2155613052933223,0.32408249378204346
1788391819.1573796,-0.11767318844795227,0.23597899079322815,0.3942185342311859,1.19687020778656,-0.15531416237354279,0.5186098217964172,0.43131452798843384,0.03871976806286703,0.3953994048981482,0.5968184939345402,0.9821087968261235,0.027275501640344757,0.6929503318837273,0.43583581292439355,0.21476141096043655,0.3154769539833069
1788391819.1906095,-0.12298198789358139,0.23028452694416046,0.3898099362850189,1.1945302486419678,-0.17949669063091278,0.4800719916820526,0.4332394003868103,0.03871976806286703,0.3953994048981482,0.5968184939345402,0.9821087968261235,0.027275501640344757,0.6929503318837273,0.43583581292439355,0.21287834020167473,0.3096132278442383
1788391819.224215,-0.12462141364812851,0.22107826173305511,0.38410553336143494,1.1908968687057495,-0.20096439123153687,0.44078943133354187,0.43863216042518616,0.03871976806286703,0.3953994048981482,0.5968184939345402,0.9821087968261235,0.027275501640344757,0.6929503318837273,0.43583581292439355,0.2521609005501855,0.30600109696388245
1788391819.2575326,-0.12388191372156143,0.20893366634845734,0.37636253237724304,1.1859204769134521,-0.21964390575885773,0.40257012844085693,0.4483930468559265,0.03871976806286703,0.3953994048981482,0.5968184939345402,0.9821087968261235,0.027275501640344757,0.6929503318837273,0.43583581292439355,0.2903802034428704,0.30409330129623413
